lat,lon,name
48.8442685,2.3310313,O'Tacos
48.8383152,2.2578229,McDonald's
48.870959,2.3477192,McDonald's
48.8822632,2.3705591,McDonald's
48.8469061,2.2850171,McDonald's
48.8579329,2.351487,McDonald's
48.8307218,2.3566884,McDonald's
48.8307708,2.3567939,KFC
48.8795777,2.3630134,Panda Fast Food
48.829518,2.3227055,Gourmet d'Alésia
48.8676055,2.3623607,McDonald's
48.8676948,2.3622183,KFC
48.8677893,2.3620618,Burger King
48.8662257,2.3686351,French Karib'
48.8654797,2.3747464,McDonald's
48.8670613,2.3836164,KFC
48.8670436,2.3824226,McDonald's
48.8460777,2.3542886,Chauds Les Sandwichs
48.8445017,2.3247331,McDonald's
48.8259948,2.3570144,McDonald's
48.8462601,2.3787226,Mini Bouffe
48.8366655,2.3506956,McDonald's
48.8332009,2.3318037,McDonald's
48.8738345,2.384842,McDonald's
48.8381479,2.396609,La Gazelle d'Orient
48.8374673,2.2956006,McDonald's
48.8646486,2.4083438,McDonald's
48.8354775,2.4060799,McDonald's
48.8206897,2.3639393,McDonald's
48.8518769,2.4008958,Le Bosphore
48.8319092,2.3145268,Délices Zhong Hua
48.8362289,2.3950798,Chrono Pizza
48.8463781,2.3796937,Mei Xi
48.8466733,2.3823365,Sefa Antalya
48.843692,2.3879237,Sandwichs Vietnamiens
48.8501888,2.3787984,Deniz
48.8506115,2.3813881,Bibimcup
48.8495128,2.3751307,Ô Saveur Bar
48.8466535,2.3736929,Sanswichs City
48.8484928,2.3740738,Le Coq
48.8477171,2.3873421,Beyaz
48.8471159,2.3736501,Istambul Ayasofya
48.8458024,2.3747494,La Parisienne
48.8462223,2.3743814,Bodrum
48.8466746,2.3729742,Traiteur de la Gare
48.8466393,2.3727596,Croq' o' Pain
48.8471577,2.3715454,La Cappadoce
48.8269269,2.3666605,McDonald's
48.8752261,2.3252146,Pomme de Pain
48.8752761,2.3255792,McDonald's
48.8757173,2.326991,Burger King
48.8835297,2.3282798,McDonald's
48.8838538,2.3270648,Quick
48.837025,2.2962718,KFC
48.8449888,2.2576271,Le Repère Gourmand
48.8875232,2.3252141,McDonald's
48.8934347,2.3277889,Kempo Seat
48.8374265,2.2970328,Le Royal Palace
48.8524348,2.3887428,Gül
48.8493781,2.3785737,Mim's
48.8505337,2.3926635,Lin Délices
48.8276417,2.3303431,Tokyo Yaki
48.8593448,2.3461106,McDonald's
48.8598999,2.3482192,Sama Beyrouth
48.8610121,2.3482188,McDonald's
48.8602015,2.3488661,Quick
48.8471365,2.2846392,C'est mon donut
48.8674622,2.3325601,Big Fernand
48.8722076,2.3778604,Tang Gourmet
48.8703357,2.3320039,Five Guys
48.8448091,2.3550633,Ang
48.8457766,2.3553845,Casa di Panini
48.8644934,2.3502995,La Boule Maître Kebabier
48.8676469,2.3521142,Corn Dog Paris
48.85142,2.3437555,McDonald's
48.8515043,2.3437778,Crêperie Genia
48.8834444,2.3325144,Five Guys
48.8592584,2.3489024,Cabana Beach
48.8540978,2.3432804,Jixiao's Buns
48.857141,2.3549781,O'9 Poké
48.8637267,2.3528947,Qasti
48.8640358,2.3503389,Turbigo Sandwich
48.8564218,2.3582039,Princesse Crêpe
48.8649019,2.3547831,Poulet champion
48.8609788,2.3483593,Giuseppe
48.8607571,2.349172,KFC
48.8232784,2.3654273,Hoa Nam
48.8533952,2.3453142,Foshiso Maniso
48.8638859,2.3605988,Mmmozza..!
48.8665582,2.3619811,O'Tacos
48.863552,2.3513197,Euro Fried Chicken
48.8625194,2.3796481,Heng Tong
48.8608896,2.3791498,Guinga
48.8471056,2.3409919,McDonald's
48.8474615,2.3412126,Burger King
48.8786152,2.3705923,Golden Food
48.8801699,2.3666327,Round
48.8817976,2.3657678,Chez Weng
48.8815139,2.3646666,Les 4 frères Bédri
48.8811888,2.3646408,Panda Délice
48.8411075,2.3561671,Les Crêpes du Jardin
48.8411558,2.356239,Le Jardin de Jasmine
48.8430647,2.3637042,McDonald's
48.8941285,2.3137533,Burger King
48.8735055,2.3223567,La Gourmandine
48.8766444,2.3270121,Royal Express
48.8835944,2.328396,KFC
48.8832767,2.3277563,Pitaya
48.8755989,2.2960624,McDonald's
48.8728804,2.2990372,McDonald's
48.8700324,2.3055848,Five Guys
48.8737739,2.3354553,Malatang Chenpanpan
48.8885213,2.3927911,McDonald's
48.888498,2.3927038,Istanbul Gourmand
48.8752762,2.2958261,Burger King
48.8763139,2.356348,McDonald's
48.8839447,2.3678169,Paris Fried Chicken
48.8286476,2.3812047,Naan & Curry
48.8310681,2.3765997,Exki
48.8321522,2.3756247,Laurent & Fils
48.8839633,2.3467162,McDonald's
48.8805633,2.3647086,Subway
48.8806851,2.364392,New Festin Imperial
48.8197894,2.3429927,Grill Instanbul
48.8658188,2.2908422,L'Uzine
48.846496,2.3737173,Subway
48.8495044,2.3793334,Snack Mexico
48.8465065,2.3730628,Le Rapide de Lyon
48.8465204,2.3733044,Hayashi Sushi
48.8772291,2.4062673,McDonald's
48.8576118,2.2776817,McDonald's
48.8599401,2.2804099,Planète Sushi
48.8606416,2.282689,Manjé & co
48.877682,2.284676,McDonald's
48.8566763,2.2861188,Burger King
48.8413551,2.3134214,Via Di Roma
48.8800093,2.3669152,New Soul Food le Maquis
48.883301,2.3854417,McDonald's
48.8235582,2.3253743,Subway
48.823257,2.3263561,Grillades Istanbul
48.8225466,2.3275974,Restaurant Pizzeria
48.8777273,2.261918,Les Kiosques de la Pataugeoire
48.8414876,2.3868742,Domino's
48.885445,2.2920818,McDonald's
48.871151,2.3741791,Sucré Salé - Chapati royal
48.8710156,2.3742702,Pacha Kebab
48.8478128,2.3978063,Burger King
48.8480088,2.3759639,L'Abel Vie
48.8467534,2.3735713,So Much...
48.8765075,2.2877051,Class'croute
48.8521335,2.3485297,Subway
48.8452314,2.3492015,L'instant libanais
48.8387673,2.3573269,Domino's
48.8488396,2.2977794,McDonald's
48.8569001,2.303583,L'Artisan du Burger
48.8498801,2.3743431,Mister Loc Lac
48.8453323,2.3768682,L'esplanade
48.8231634,2.3625006,Seng hong - 順興 - Banh-mi Dac biet
48.8451682,2.2609752,Eat Meat
48.8456665,2.259124,Délices d'Asie Chanez
48.8452385,2.2581442,Moli Crêpes
48.8742961,2.3300164,McDonald's
48.8776636,2.3277702,Poulet braisé
48.871028,2.3469726,BOLLYNAN
48.8359164,2.4062185,Subway
48.8471787,2.3866836,McDonald's
48.8471891,2.3077032,Traiteur Asiatique
48.8510712,2.3097402,Le P'tit Ministère
48.851385,2.3102048,Apeti Segur
48.8732408,2.3533391,Proper Fried Chicken
48.8795589,2.354257,Subway
48.8796845,2.3543206,Popeyes
48.8503643,2.384972,Ye Lin
48.8455653,2.3121994,Rosette & Cornichon
48.876635,2.3353161,Pin-Pan
48.8244109,2.3255616,Lunch Express
48.8251412,2.3653488,Tonton La Frite
48.8966206,2.3871195,McDonald's
48.8712861,2.3349203,Burger King
48.8713129,2.3350843,McDonald's
48.8469792,2.3690551,ABC Délice
48.8230746,2.3579144,Pizza 140
48.879288,2.3773054,Itzik
48.8833528,2.3881059,Moshiko
48.8761563,2.3441613,McDonald's
48.8847184,2.3671039,Soleil Liban
48.8355297,2.3861736,Le Commis Sert
48.8462737,2.375509,La Boîte à Sandwichs
48.8712904,2.3768461,Eatime
48.8775239,2.3395383,Maison Zhang
48.8603926,2.2748938,Le Petit 97 Bio
48.8625399,2.2760893,Deli's Café
48.8625589,2.2762743,Mac Doner
48.8630577,2.2765543,Délice Impérial
48.8678398,2.2813384,McDonald's
48.8681953,2.282156,Matsuri
48.8500824,2.3837411,Le Nilu's
48.8768931,2.3327041,Lucien
48.8769081,2.3380397,Paristanbul
48.8714703,2.3420416,Mezzencore
48.8715371,2.3499815,Bulliz
48.8759259,2.3559201,Kebap Haus
48.8782003,2.3567013,Eattos
48.8792586,2.3573016,Orient Express
48.8783334,2.3564225,Bombay Palace
48.8828255,2.3711188,Lunch Club
48.8828578,2.3714062,Asie Ye
48.8662573,2.3370528,Bistrot Richelieu
48.8699611,2.3351928,Délices Moshé
48.8685831,2.3366834,Happa Teï
48.8648457,2.3746468,Hewi
48.8649463,2.3745576,Le Camion Qui Fume
48.870349,2.3317039,Five Guys
48.8798285,2.354258,Burger King
48.8799786,2.3538055,McDonald's
48.879891,2.3540887,Berliner
48.8799229,2.3539989,Asia Express
48.8535604,2.4103242,Chicken's King
48.8533426,2.4103453,McDonald's
48.8530681,2.4104272,Big Farmer
48.837267,2.2787578,Lina
48.8674425,2.3361747,Juji Ya
48.827741,2.3261743,KFC
48.8283989,2.3276848,McDonald's
48.8290544,2.3276046,Burger King
48.8234685,2.3234614,Les Délices d'Orléans
48.8491992,2.3746133,Miam Miam Gourmet
48.844059,2.3309583,Subway
48.8912809,2.373301,Saveur 19
48.8912906,2.3732373,Shayan Crêpe
48.8907391,2.37624,Grill Istanbul
48.8912655,2.3733889,Royal Kebab
48.8913678,2.3728055,So'Fast
48.8689587,2.3676791,McDonald's
48.8534593,2.2901463,Banh & me
48.8743099,2.3349677,Le Mandarin Provence
48.8941309,2.3464051,Nostra Pizza
48.870326,2.35968,Hoa Sheng
48.8702519,2.3608939,Wakoya
48.870339,2.360958,Sandwicherie de l'Étoile
48.8713609,2.3621653,El Guacamole
48.87188,2.362623,Bopome
48.8433391,2.3495909,Poke House
48.8446965,2.3491214,Kapris Kebab
48.893329,2.347965,Ikko
48.8442142,2.3394025,Friends caffé
48.8406254,2.3514242,Banh Mi Viet
48.842285,2.3428812,Frnji
48.8445475,2.3489869,Au Vieux Cèdre
48.8438395,2.349328,Oroyona
48.875436,2.3230438,Kokemaki
48.8272506,2.3324296,Exo Exquis
48.8524138,2.4039321,Domino's
48.8526347,2.4037316,Pizza di Napoli
48.8334062,2.3093323,Vernazza
48.8436931,2.3250669,Crèperie Henri
48.8791933,2.3537222,Domino's
48.8511306,2.3762533,McDonald's
48.8513051,2.376541,Sushi Shop
48.8354795,2.3859524,L'escale de Bercy
48.8353707,2.3857553,Wok
48.8235218,2.3535125,Resto Délice
48.8332582,2.3868999,Five Guys
48.8695686,2.3540691,KFC
48.8727754,2.3542137,Munich Kebab
48.8751277,2.3356357,Bento 9
48.8721385,2.3402693,McDonald's
48.8710539,2.3468277,Pomme de Pain
48.869624,2.3521021,Wokantine
48.8709012,2.3471884,Croc & Gourmandises
48.8816031,2.3282156,Délices 9ème
48.8815556,2.3282349,Végé Table
48.8820869,2.3282092,Shine Garden
48.8810608,2.3284577,Ma'loa
48.8816188,2.3284123,Popotes
48.8743562,2.3331088,Cojean
48.8741989,2.3323945,Daily Monop
48.8743316,2.332237,Mi-va-mi
48.8741996,2.3346158,Le Printemps de Jade
48.8743366,2.3324942,Pomme de Pain
48.8743269,2.3319969,Pomme de Pain
48.8742352,2.3331688,Traiteur Chez Victor
48.8743346,2.3323904,Traiteur Paris Gourmand
48.833425,2.3538574,Subway
48.8770037,2.340674,Domino's
48.8763841,2.3396912,Restaurant Kemer
48.833932,2.2905002,Five Pizza Original
48.8333665,2.2888984,Sucré &Salé
48.8712127,2.3428611,Label’ge Frite
48.8245312,2.3763864,GFC Restaurant
48.8965126,2.338596,Star Food
48.8977404,2.3441141,KFC
48.8973837,2.3440556,Occo
48.8972576,2.3445957,McDonald's
48.8959431,2.3465728,McDonald's
48.8958845,2.3378271,La Tipica
48.8939425,2.3332789,Sabaidi cook
48.8940193,2.3281208,Tafa Traiteur
48.8960928,2.328256,O'Tacos
48.8328561,2.3610753,Snap Food
48.8446658,2.3899217,Subway
48.8350202,2.2887764,Five Chicken
48.8825599,2.3377557,McDonald's
48.8304109,2.3569512,Tang Gourmet
48.8505641,2.3458479,Délice Gourmand Sandwich
48.8491427,2.342205,Goiko
48.8496939,2.3425595,KFC
48.8499965,2.3427394,Frui'Tea
48.8464002,2.3430461,New Luxembourg
48.8768274,2.3154292,Sur Le Pouce
48.858095,2.4069089,Pizza M
48.8570117,2.4079775,Dream food
48.8648537,2.3969431,0'Tacos
48.8693235,2.3602586,Les Tontons veg
48.8362526,2.3943323,Restaurant Kiraz
48.8618218,2.351243,Crêperie de Paris
48.8551956,2.271862,Cosy
48.8686202,2.2917008,Class'croute
48.8655729,2.2888144,We Are Juice
48.8654023,2.2892331,Manjé & Co
48.8659106,2.2896026,PeGast
48.8666727,2.2896122,Pomme de Pain
48.8657015,2.2894505,Speed Rabbit Pizza Paris Kleber
48.8666223,2.3829258,Soleil d’Istambul
48.835382,2.288716,Pizza Eva
48.8776378,2.3267921,Pacha Kebab
48.8593308,2.3476821,Chamas Tacos
48.8614662,2.3529099,Coffee Station
48.8597929,2.3481612,Thym-Thym
48.8813958,2.3725664,Sushi Shop
48.8816605,2.3742025,Chez Tata
48.8733154,2.3614767,Star Fast Food
48.8415969,2.3246205,Mamy'Rosa
48.8430469,2.3258843,Pomme de Pain
48.8406398,2.3163536,Traiteur phénicien
48.8429071,2.3240641,Kebab Corner
48.8304057,2.3773491,Prêt À Manger
48.827435,2.3056152,Restaurant Élite
48.827252,2.3064254,Royal Food
48.8819888,2.3141295,Subway
48.8716988,2.3432474,La Crème de Paris
48.8723365,2.343317,Le Rapide
48.8615882,2.3522983,Sweet raviolis
48.8445865,2.3900144,Aux Délices de Reuilly
48.8455223,2.3888818,Burger Shop
48.8470414,2.3872131,Au Plaisir du Pain
48.8603374,2.3477659,O'Tacos
48.8603213,2.3479639,Raāsa Cheese Naan
48.8605765,2.3486458,G la Dalle
48.8597934,2.3508151,Subway
48.8609476,2.347379,Five Guys
48.8205256,2.3499518,Le Charlety
48.8498626,2.3938772,Restaurant Kusadasi
48.8237126,2.3653208,Thieng Heng
48.8211618,2.3417447,Au P'tit Liard
48.8194688,2.3590386,Stop Pain
48.8226598,2.3460965,Pâtes Thai
48.8220105,2.3463702,Charlety Pizza
48.8256632,2.3497741,Eat's Times
48.8257731,2.3455104,DownTown
48.8264939,2.3422757,Paris Beirut
48.827652,2.3326075,Kebab Alésia
48.8277159,2.3298764,Sheng Hua
48.8277215,2.3275189,Subway
48.8262851,2.3569695,KFC
48.8647591,2.3979134,McDonald's
48.8698381,2.4029325,Willie’s Diner
48.8721515,2.4047249,La Camilina
48.8784544,2.4099256,Honorine
48.8702659,2.397028,Mobri
48.8251897,2.3469815,Dreams Burger
48.8239465,2.3416177,Pizza Pepino
48.8250781,2.3413713,La Crêpe sur Mesure
48.8256029,2.3415131,Sandwicherie du Parc
48.8655819,2.3982331,Feng Sheng
48.8653472,2.3979562,Planet Sushi
48.8231543,2.3620259,Xin Fu Tang
48.8244266,2.3621253,Da Pai Dang
48.8249394,2.3621629,Khai Tri
48.8223228,2.3286587,Le Soleil
48.8232276,2.3264905,Gourmet d'Asie
48.8248776,2.3197039,I Briganti
48.837044,2.2966074,Thym Olive
48.824821,2.3173938,Boulhanne
48.8263543,2.312349,Conney'Zza
48.8261212,2.3115121,Traiteur Asiatique
48.826526,2.3097003,Mei Mei
48.8273555,2.3052815,La Cabane
48.8371109,2.2784676,Halles Balard
48.8421188,2.2774869,The Tasty Corner
48.8335182,2.2869481,Bar à Couscous
48.8467079,2.4104905,Le Pacha Grill
48.8440402,2.4107413,La Boîte à Pizza
48.8353898,2.2817074,Asian Bowl
48.8900609,2.3623123,Shatha TimeFood
48.8305373,2.292538,Snack du Parc
48.829006,2.3007345,Le Miam's
48.8286719,2.3018801,Pépé Santana
48.8332039,2.2893469,Baran
48.8460301,2.2776353,King Food
48.8424992,2.2778394,Xi Long
48.890011,2.3627853,HFC
48.824294,2.3282027,Amaretto
48.8243387,2.3286665,Veni Vici
48.8423322,2.2819847,Eyfel
48.8907685,2.3611697,Sababa
48.8906117,2.3602364,McDonald's
48.8323761,2.3150659,Ephese
48.8500212,2.2919369,JU BIN
48.8309505,2.3809871,GFC Restaurant
48.8371089,2.3521509,Tasty food
48.8724968,2.3002227,Quick
48.8841936,2.349154,Burger King
48.8328649,2.2888457,Subway
48.8269835,2.3573476,Paris Sud
48.8269435,2.3633896,King Food
48.8269324,2.3638037,Good Way
48.8269117,2.3634246,Poggi Cup
48.8365709,2.3742554,Burger King
48.8539007,2.3710566,Burger King
48.8280589,2.3563698,Broz Burger & Co.
48.8303208,2.357022,O'Tacos
48.8906438,2.3596534,Occo Chicken
48.8467226,2.4102506,O'Tacos
48.8914345,2.3596388,Golden Food
48.8901098,2.361774,Paris Star Food
48.8854958,2.3656011,Chicken Spot
48.8919648,2.3596358,Le Paname
48.8901565,2.3589941,Subway
48.8351646,2.3976296,Imime
48.834708,2.3971806,Speed Pizza
48.874618,2.3297594,Subway
48.8534028,2.3417219,Maoz
48.8455586,2.3490601,Momo
48.8668316,2.3636932,King Sandwich
48.8667815,2.3637823,Xingfu Tang
48.8574812,2.3802834,McDonald's
48.8296723,2.3748324,Croq de Bibliothèque
48.829878,2.375227,Istanbul grill
48.8291241,2.3762991,Memo's Resto
48.8866184,2.3227356,Garni
48.8675416,2.3472475,Subway
48.8734037,2.370468,Alto
48.8615372,2.3491473,Pita Tacos
48.8470794,2.3701786,Deliziosa
48.8551122,2.368942,Poké Parisien
48.8540476,2.3699964,McDonald's
48.8199882,2.3571489,Pizza Pronto
48.8325199,2.3357756,Au Régal Saint-Jacques
48.8901969,2.3579447,Grecs Chauds
48.8921834,2.3635197,Mon'Dwich'
48.8733376,2.32251,Sources
48.875816,2.3278533,Exki
48.8395405,2.3235675,Good Time Resto
48.8852322,2.2913238,Subway
48.8672775,2.3441465,Tartelettes
48.8778139,2.3651201,El Nopal
48.876128,2.3384291,Jbc
48.8761937,2.3384548,Elle&Dee's
48.8389034,2.3510109,Lazy Suzy
48.8520562,2.3392252,Burger & Fries
48.8332758,2.362329,Woodiz
48.8280277,2.3557522,Falafel Gégé
48.8754564,2.32838,McDonald's
48.8754384,2.3285619,Pomme de Pain
48.8760387,2.3312569,Pret A Manger
48.8303481,2.3510629,Falafel
48.8303304,2.3510083,Good Pizza
48.8311978,2.2926478,Ta5ty Pizza
48.8547918,2.3860308,GD
48.8548359,2.3856354,Grand bol Larges nouilles
48.8542704,2.2893594,Subway
48.8528817,2.3458751,Oriental Bowl
48.8531209,2.3453617,Le Minos
48.8971804,2.3586921,King Cock
48.8988613,2.3696127,La Source
48.8494708,2.3495778,Sushi Shop
48.841447,2.317524,Subway
48.841502,2.317449,Sushi Best
48.8709594,2.3479984,Label Ferme
48.8478055,2.2897402,Ben & Men
48.8751006,2.3400657,Bioburger
48.8748884,2.3397356,Pizza di Loretta
48.8750444,2.3389313,RIM
48.852787,2.3453984,Chicken Spot
48.8253534,2.3417072,L'Amiral Chicken
48.8474749,2.4107917,McDonald's
48.8735547,2.3708418,Rouge DO
48.8770585,2.3479815,VG
48.8429388,2.3244928,Juni
48.8461498,2.3724726,O' Délices
48.846606,2.3717286,Muki Sushi
48.8384271,2.3603013,Nawab
48.8908952,2.3778259,Palais du Wenzhou
48.8236699,2.3253938,Planet Food
48.8298598,2.3564266,Restaurant Istanbul
48.8714523,2.3041019,McDonald's
48.8319249,2.3247582,Poké Zone
48.8708417,2.3567986,Faste
48.8665236,2.3465227,Le Bellan
48.827498,2.3718441,O'Tacos
48.8304902,2.3544604,Lüks
48.8304333,2.3542652,Smatch
48.8740637,2.3160851,Ankka Boétie
48.8544579,2.3624454,Subway
48.8735748,2.3177002,Prima Verde
48.8359585,2.3467604,The Sandwicherie
48.8332646,2.3318599,Berliner
48.878092,2.2851801,Sushi Étoile
48.8329088,2.4001708,Pizza 4 You
48.8662074,2.339699,Rotistreet
48.8337767,2.3536196,Bioburger
48.8323923,2.3545576,Good Food
48.88768,2.297948,Le Rendez-vous de Midi
48.8300769,2.3528929,Favorite Food
48.8525392,2.3892934,Le fournil de Paris
48.8526917,2.3890319,Nouveaux Délices
48.881361,2.294963,Chicken Store
48.881394,2.295041,NEMESIS Artisan Kebabier
48.8396212,2.3497285,Compagnie des Glaces
48.8401276,2.3498418,Bocamexa
48.8402183,2.3497081,Asie Prestige
48.8403006,2.349696,Zamane
48.8405594,2.3497771,Rôtisserie Segar
48.84095,2.3497288,Restaurant Méditerrannée
48.8419165,2.3497914,Vista
48.842072,2.3498351,Sushi Spot
48.8424242,2.3498245,"Tang, Hu & Lu"
48.842797,2.3495936,Au P'tit Grec
48.8428394,2.3495838,Restaurant Istanbul
48.8428906,2.3495719,Crêperie Mouffetard
48.8436278,2.3493777,Singh
48.8441847,2.3493876,Genia
48.8603464,2.3558088,Le Mandarin de Rambuteau
48.8690272,2.3251599,Pret A Manger
48.877034,2.327136,Éphèse
48.8522732,2.3263458,Cojean
48.8898348,2.3752178,McDonald's
48.8612055,2.3479949,Burger King
48.8458615,2.3544188,Kebab Istanbul
48.8461919,2.3543474,Philly' OBTB
48.8303038,2.3757207,Asia Story
48.8306843,2.3753807,Big Fernand
48.8342079,2.4196014,Zakko
48.8757429,2.327251,Maître Kebabier
48.8485811,2.341348,Poké Shop
48.8335553,2.3314664,Sushi Shop
48.8765787,2.3774487,Allo Pizza
48.8759744,2.3808497,Le Gâteau sur la Cerise
48.881279,2.285366,Le Gourmet
48.8501437,2.3788464,Italian Meal
48.8504944,2.3783154,Breadway
48.8501185,2.3780311,Pizza Ciao
48.8467987,2.3783255,Venise Pizza
48.8496807,2.3704181,Ari's Bagel
48.8467182,2.3827301,Cristal Doner
48.8602996,2.3436624,HD Diner
48.8780446,2.374325,Paradise Pizza
48.8755076,2.3737735,ATS pasto
48.8746983,2.3799872,Fri-chiks & Pizza
48.8762016,2.3330016,Cojean
48.8770438,2.3854724,Yum's
48.8785273,2.385463,Fournil des Buttes
48.8791511,2.3858484,Bagels & Salad Bar
48.8799411,2.3744955,Mr. Shnitz
48.8817189,2.371808,Dyonisos
48.881989,2.3718119,Dôni
48.8824838,2.370692,Subway
48.881614,2.3645061,Pizzeria Bella Italia
48.879702,2.37181,Asu Mare
48.8456759,2.2981504,Andiamo Pizza
48.8444718,2.32282,baba bey
48.881984,2.3739722,L'atelier du burger
48.8853902,2.3812643,Extra Time
48.8855353,2.3816653,Fresh Food
48.8792836,2.3779317,Aux Délices d'Abraham
48.880651,2.3749071,elma & nar
48.8809463,2.3742516,Pizza Hut
48.8829957,2.3867138,Chilo
48.8832752,2.3888891,Mac Queen
48.8832338,2.3887228,Al Haeche
48.8437934,2.3525958,Palika Poké
48.8466518,2.3051464,La Cucina
48.8480552,2.35395,Le Squab
48.848154,2.354111,Falafelo
48.8849193,2.392737,Jo's Bar
48.884558,2.304364,Flash Burger
48.8792457,2.3884047,Pizza del Parco
48.879307,2.3884134,Delices Park
48.8832913,2.3710887,Les delices d'amour
48.8818738,2.3705641,Les Délices d'Antalya
48.8786882,2.3705956,Mamagaya
48.8769451,2.3718926,Chicken King
48.8758415,2.3731428,Délices de la Villette
48.8725727,2.3780936,Bubble Tea
48.8746769,2.3867371,Trattoria
48.8747184,2.386917,Grill Mesopotamia
48.875493,2.3902359,Kanaya
48.875525,2.3907401,O'Snack
48.8708629,2.342723,Picto
48.8708013,2.3426831,Mimosa
48.8844115,2.3802894,Caballito
48.8755651,2.3980738,Star Kebab
48.8755667,2.3982196,253 Bellevile st.
48.8607151,2.3546723,Homer Lobster
48.8609798,2.3538959,Pietro
48.8610694,2.3536632,Cul de Cochon
48.8329006,2.331539,Traiteur Phô
48.8833171,2.3822598,Douâa sushi
48.8745803,2.3872724,Le Dragon d'Or
48.8753695,2.3909728,Subway
48.8753788,2.3918022,Xia's Fast Food
48.875284,2.3928771,New delice
48.8752284,2.3938156,Marmaris
48.8614005,2.3583195,Hank Vegan Burger
48.8731633,2.3799196,Komy Tofu
48.8732499,2.3799098,Bonheur
48.8710895,2.3698949,Ho-Made
48.8730847,2.3747665,Chez Dong
48.8730948,2.3617033,Vafamoc
48.8950228,2.3876904,Burger King
48.8441931,2.2933256,The french donuts
48.8439501,2.2933623,Bubble Sweet
48.8568791,2.3783866,La libanaise
48.8357873,2.406551,Burger King
48.8308126,2.276038,McDonald's
48.8707054,2.3597617,Pizza Tova
48.885383,2.292536,Doner King
48.8581355,2.3816625,Ôzgül
48.8632073,2.3663642,Le Fournil de Paris
48.8411643,2.373938,Any Time
48.8419974,2.3758364,Sushi Plus
48.8615983,2.3823706,La maison du Daya
48.8615951,2.3740983,Pizza 67
48.861254,2.3750036,Restaurant Excellent
48.8626127,2.3798343,Pizza San Marco
48.8642124,2.3666949,Di Roma
48.8633879,2.3618031,Sushi Shop
48.8725146,2.3295568,Tavernier & Co
48.8721401,2.3254288,Subway
48.846268,2.3957143,Campus Snacking
48.8642397,2.3685947,Heng Heng
48.864776,2.368066,Les Délices du 24
48.865437,2.3690402,Fong Lai
48.8475483,2.3188336,Focaccia Club
48.8472007,2.3179499,Pokeso
48.8476981,2.3192166,Yibol
48.8569959,2.3781718,Grill Adana
48.8568166,2.3777176,La Fontaine d'Or
48.8567545,2.3775632,Focaccia Club
48.8566047,2.3776373,Chez les deux amis
48.8565055,2.3774238,La Cappadoce
48.8535269,2.3378673,Le Camion qui Fume
48.8683838,2.3420677,Cojean
48.882085,2.294462,En Cas d'Encas
48.875533,2.293799,Bagelstein
48.8624021,2.3651667,Cosi
48.8644997,2.3655947,808 Mac and Cheese
48.8617572,2.3718073,ladid
48.8626679,2.3627043,Traiteur Chinois
48.8630208,2.3680258,Wan Gourmand
48.8642859,2.3657337,#NoComment
48.8616168,2.3707953,Nang Loan
48.862902,2.3681754,Planet Grill
48.873985,2.358594,Paristanbul
48.873489,2.3588318,Restaurant Delena Delices D'anatolie
48.8658909,2.3655839,Osha
48.86097,2.3544885,Burger Joint
48.8608503,2.3548732,Falafel du Liban
48.8484846,2.3412854,Saj
48.8620609,2.3666953,L'Annexe
48.8512662,2.3558009,Wonderland Brunchy
48.8340305,2.3184516,Traiteur Asiatique
48.8615993,2.3829249,Zelal Kebab
48.8617144,2.3827293,La joie de vivre
48.8647767,2.3558282,Mei Wei Xiang
48.8787845,2.4010679,Halal Pizza
48.8646229,2.3720615,Kebab
48.8950758,2.3525434,Allo Rapido Pizza
48.8545165,2.3710722,Gangs
48.8633043,2.3881256,Dr. Auguste
48.857826,2.3813509,El baraka
48.8570236,2.3551292,La Focacceria
48.8391648,2.3093488,Chez Yang
48.8394474,2.3094018,Nafnafa
48.8392554,2.3094392,Appia
48.8427154,2.3132213,Subway
48.8426287,2.3123537,Pasteur Express
48.8445586,2.3185442,Juba Kebab
48.8525728,2.3463576,Falafel for You
48.8440829,2.3724794,Exki
48.8533957,2.3417901,Cozy Factory
48.8289516,2.3820071,Papita
48.867325,2.3845429,Le point grill
48.8689911,2.3678193,Orient Express
48.8685016,2.3667377,Turkish Snack
48.86847,2.3665974,Planet Istanbul
48.8687159,2.3685066,Sonny's
48.8685862,2.3665055,Efes
48.8684865,2.3661812,Le Plaisir Indien
48.8688144,2.3800769,Couronne Food
48.8716303,2.3777995,Souvlaki grill
48.8710472,2.3784717,Kifolie
48.8794975,2.3566111,L'Oasis du Nord
48.8315467,2.3138335,Amore e Gusto
48.8466707,2.3519477,Cardinal Sushi
48.8678987,2.3354545,Vegitai
48.8865544,2.3946173,STReat
48.8718914,2.3477763,Thai Som Tam
48.8558635,2.3864824,Karaagé-ya
48.8729112,2.3593539,Al Assil
48.8608625,2.2916712,Crêpes
48.8773443,2.2928739,Royal Acacias
48.8795038,2.355703,Kum Po 金賓快餐
48.8292026,2.382588,Maji
48.8291308,2.3823983,Hello You
48.868042,2.3605726,Hak Yolu
48.8695678,2.3523357,Burger & Fries
48.869876,2.3530342,Süpriz Berliner Kebab
48.8687056,2.3562086,El Berdawni
48.8609413,2.3681895,Chez Jacques
48.886412,2.325782,O'nan Kebab
48.8861609,2.3263857,Chicken Street
48.8826682,2.3420811,Samy's Barbecue
48.833315,2.3319077,Denfert Food
48.8458821,2.3533232,Mobster Diner
48.8712053,2.3217779,Noon
48.8700082,2.33494,Saz
48.8740224,2.3072898,Sushi Parisien
48.8757847,2.3439762,Picto
48.8618464,2.3511448,Man'Ouché
48.8461624,2.3431516,L'en K
48.8850164,2.325211,Nay Kitchen
48.8392773,2.3233768,Armand
48.8433014,2.3243569,Artisanal
48.8428,2.323934,Au Rendez-Vous des Bretons
48.8440868,2.3089644,Bánh Mi House
48.8449181,2.3100849,Delices Home
48.8463282,2.3430083,Mille et Un Pains
48.8471475,2.3425487,Pomme de Pain
48.8676585,2.3476569,Frenchie To Go
48.8704594,2.3406359,Domino's
48.8734014,2.3205103,Label Ferme
48.8722749,2.3402976,Pause Corée
48.8608631,2.3143637,La calèche dorée
48.8645206,2.3500446,Taqueria
48.8581975,2.3441252,Le Scone Cafe
48.8747358,2.3479307,"Big Fernand ""Poissonnière"""
48.8719531,2.349912,Chez Grégoire
48.8713294,2.3499176,Vert de Plaisir
48.8748828,2.3255827,La Pause Libanaise
48.8691628,2.3922258,Pizza Del Maestro
48.8748464,2.3159127,Rolls
48.8693948,2.3431861,Djawa
48.8765916,2.3487324,Les Burgers de Papa
48.8860731,2.3260614,Meal Time
48.8297718,2.3209936,Istanbul Grill
48.8600742,2.3466402,Deli by melt
48.8731172,2.3429039,Randy's Donuts
48.8617926,2.3492934,Baobab
48.8628796,2.348966,Hakata Choten
48.8463385,2.3740485,Grill Istanbul Kebab
48.8829444,2.3257032,Cosmo
48.8687194,2.3547308,Magic Afrique
48.8627127,2.3870028,Paristanbul
48.8733084,2.3816644,Chef Kuolio
48.8567419,2.3567302,Mosaïque
48.8371629,2.3559666,Chefs de Quartier
48.8874784,2.3887103,Domino's
48.8594097,2.3477231,Marmaris
48.8329272,2.3444296,Bonheur d'Asie
48.8343258,2.3447659,B Cuisine
48.8808657,2.3580528,Aachchi
48.8381417,2.408092,Planet' Tacos
48.8617153,2.353572,Hai Lúa
48.8615831,2.3414377,Libanessence
48.8473632,2.371533,Le Crémieux
48.8708082,2.3615897,Living Food
48.8652637,2.3684065,Le Petit Falafel
48.8850691,2.3782629,Le Beyrouth
48.8850553,2.3782126,Africa in a Box
48.8349957,2.4061809,Relais d'Or
48.862174,2.3496678,Tilal
48.8623073,2.3491106,Leader Sushi
48.831042,2.3304535,Pizza Hut Delivery
48.8299871,2.3284181,Matisse
48.8756834,2.341433,Little Baobei
48.8616123,2.3776536,Aux délices Parmentier
48.8638838,2.3499156,Best Foods
48.8638058,2.3501627,Chawarma beyrout
48.872392,2.3016983,Le Baron
48.8725361,2.3019109,Midore
48.8547342,2.3629269,Crêperie de Turenne
48.8552955,2.3633576,Pasta Linea
48.868568,2.3602352,Pause Croissant
48.8693016,2.3575758,All Star
48.864729,2.3739545,Bar à tartines
48.8647984,2.3746767,Bon Appétit
48.8642651,2.3789696,CasaDiAgana
48.8636021,2.380283,Pizza Milano
48.8622596,2.3777812,Oresto
48.8395951,2.3820031,Chicago Factory
48.8451433,2.3812992,Pizza Bella Vita
48.8492061,2.2822149,Chipotle
48.8670975,2.3474611,Sushi Shop
48.8679477,2.3440571,Midi Net
48.8677333,2.3439283,Pho Montmartre
48.8676892,2.3439468,Junk Smash Burgers
48.8676351,2.3439727,Alla Mano
48.8614367,2.3533462,Subway
48.8684095,2.325457,Caepus
48.8683489,2.3254707,Gourmand Duphot
48.8737867,2.3354992,Krêp
48.8725232,2.3350346,Cojean
48.8725746,2.3346405,Thierry Marx Boulanger
48.87243,2.3336488,Exki
48.8705276,2.3342911,Pomme de Pain
48.8473024,2.2859873,Trattoria Napoletana Da Enzo
48.8316352,2.3782454,Class'croute
48.8344179,2.3677184,Maxence
48.8279515,2.3795858,McCafé
48.8340969,2.369689,Fournée Croustillante
48.8346009,2.3677252,Anatolie
48.8494954,2.2973213,Grenelle Sandwich
48.8493596,2.2977474,Aux Délices de Grenelle
48.8495096,2.2972699,Grenelle Food
48.8533192,2.3427392,O'Tacos
48.8533255,2.3426743,Pizza Rustica
48.8532908,2.3430556,Mich Sandwiches
48.8525204,2.342918,YongFa
48.8571524,2.3595964,King Falafel Palace
48.8706247,2.3498906,Big Falafel
48.8693088,2.3478663,Un monde gourmand - traiteur Solidaire
48.8755394,2.3493209,Woodies
48.8435338,2.3066271,L'Orient des Champs
48.8430309,2.3065562,Signorina
48.8439253,2.307515,So Fresh
48.8727027,2.3281628,Sae Cham
48.8745885,2.3053363,Les Mets d'Honoré
48.873867,2.3042533,PeGast
48.8739045,2.3070519,Noon
48.8734351,2.306165,Exki
48.8739419,2.3071256,Graine
48.8672534,2.2975331,Asie House
48.8688611,2.2990551,Merci Jérôme
48.8690378,2.2989524,PeGast
48.8732873,2.3344794,Pomme de Pain
48.8771983,2.3699986,Gumbo Yaya
48.8477803,2.3511531,Breakfast in America
48.8934596,2.3231179,La Pizza
48.8934609,2.3239036,Alim
48.8934636,2.3239589,Le Spécial Sandwicherie
48.8448032,2.3241615,Poulet Poulette
48.8791636,2.3296055,La Petite Comédie
48.8795729,2.3273136,Baba Sandwichs
48.8791705,2.314941,New Impérial Monceau
48.8775697,2.3168932,Pause
48.8508299,2.2773239,Le Shanghaï
48.8702696,2.3272837,Cojean
38.2040879,-84.2742243,Wendy's
48.8758543,2.368313,Au pas de Saint-Louis
48.8632634,2.3499246,Libshop
48.8655897,2.3504299,Loké
48.8659783,2.3506482,Brick Lane
48.8487622,2.2829136,Cojean
48.8604509,2.3437017,Izakaya
48.866654,2.3608371,Omusubi Gonbei Paris République
48.8666191,2.3606799,Banh-Mi
48.8692914,2.3576457,Crazy Salad'Bar
48.8778892,2.3654298,Pomm' Resto
48.8900713,2.3382762,Tast Eat
48.8728156,2.3547294,Crêpe château d'eau
48.8878728,2.3251545,Restaurant Anatolie
48.8879037,2.3251021,Subway
48.8713539,2.3515836,Pizza Uskudar
48.8731859,2.3534545,Zinga
48.8556214,2.358848,Oh My Poke!
48.8634247,2.3336977,McDonald's
48.8565899,2.3558606,Pizza Presto
48.8613192,2.3429253,Restaurant Traditionnel Thaïlandais
48.8615506,2.3415949,La Quintessence
48.8519189,2.3731922,Palace Grill Kebab
48.8765335,2.3566137,L'Oasis
48.8761246,2.3575277,Burger King
48.8764427,2.3571653,Yummy
48.8464656,2.3700953,Épicerie & Associés
48.8293037,2.3336361,Tradition gourmande
48.8768884,2.3446077,Best Burger
48.8793326,2.3456084,Yong
48.8444602,2.3417934,Crêperie
48.8458597,2.342947,Greneta - Maison Rosebud
48.8442021,2.3418199,Taiyaki
48.8454423,2.3425104,Bobun 210
48.845045,2.3415146,"Pains, Salades & Fantaisies"
48.8460172,2.3408263,Kim Ly
48.8449839,2.3422029,Yi One
48.8457281,2.341181,Buns
48.8661884,2.379215,B'la Kaz
48.8751435,2.3214394,Eastwok
48.8750341,2.3203486,Midoré
48.8750385,2.3204573,Vivaio
48.8838959,2.3007505,Chez Swann
48.8841298,2.2983007,Sushi Shop
48.8830011,2.2984288,Délices d'Asie
48.8831459,2.2983464,Délices 17ème
48.8529293,2.3455743,Maoz
48.8830183,2.3030734,Sesame Food
48.8844044,2.2968868,Lina's
48.8766461,2.3593172,La Place
48.8479417,2.3232974,Poké Bar
48.8624719,2.3466327,Krispy Kreme
48.8610361,2.3481171,Pomme de Pain
48.8406722,2.3221794,Maison Ly
48.840558,2.3226111,Bowl & Co.
48.8409824,2.3232642,Olive Chicken
48.8358906,2.3190452,Avec Amour - Le Burger
48.83208,2.3128767,Alesia Food
48.8411552,2.2874578,Planet Food
48.8409266,2.2879633,Traiteur Asiatique
48.8335507,2.3096774,C Bon 2 Fou
48.8413889,2.3037127,Arzeh
48.8385586,2.3006342,Shun Xin
48.838417,2.3008217,Ô Petit Naples
48.8756751,2.29672,Pomme de Pain
48.8333727,2.3041726,Délices 15e
48.8323429,2.3030056,Tatou Pizza
48.8719052,2.3233445,Max & Britany
48.8260369,2.3596412,Mekong
48.8270841,2.3677252,Subway
48.8275407,2.3711757,Le Petit Sfax
48.8684223,2.3478205,aL
48.8716743,2.3480353,Soup
48.8854452,2.3101106,55 Tocqueville Express
48.8763273,2.3485811,Chez Paï
48.8543042,2.3715751,La Crêperie Qui Fait L'Angle
48.8358544,2.3242458,Straße
48.862302,2.3438921,McDonald's
48.8624513,2.3347579,McDonald's
48.8619547,2.3458867,McDonald's
48.828851,2.3552522,McDonald's
48.8734878,2.3837397,Viet passion
48.85482,2.3725284,O'Tacos
48.8964515,2.3596929,O'Tacos
48.8782624,2.3526287,Pizza 113
48.8732122,2.3632158,Plan D - Dwich & Glace
48.8701365,2.3563465,Osè ! Afro Streetfood
48.8730299,2.343994,Pti Nuage
48.8717826,2.3430107,Le Simplon
48.8983072,2.374476,231 East Street
48.8404424,2.3127636,Il Était une Pizza
48.8477642,2.3866103,Thuy
48.8912833,2.375884,Adana
48.8740712,2.33791,Cojean
48.8286639,2.373017,O'32
48.8281749,2.3720555,Domino's
48.8270857,2.3677812,Good Time
48.8454705,2.3544349,Comme à Athènes
48.8656286,2.3456746,Filakia - Petit Café d'Athènes
48.8599258,2.3512194,Crêperie bobo
48.8918687,2.3726233,Allô Sarina
48.8863615,2.3176566,Vague Coffee
48.8270044,2.3671634,Restaurant du Campus
48.8270419,2.3674196,Le Traiteur d'Asie
33.6597568,-95.5101194,Schlotzsky's
48.8306772,2.3545676,Chouquette
48.8323502,2.3714087,N+1 Bar à salade
48.8696607,2.2978962,Bagelstein
48.8789428,2.3570699,Antalya
48.8286043,2.3726928,L'art du Sandwich
48.8401326,2.3345693,Class'croute
48.8908694,2.317946,Medusa
48.8318185,2.3579857,Restaurant Hevi
48.8333023,2.3624138,Mondial Sandwich
48.8324345,2.359846,RL O Royal
48.8328225,2.3609939,Apna Punjab
48.8278813,2.371519,Maki Sushi Tokyo
48.8280524,2.3723527,Pasta Subito
48.82786,2.3714672,Le petit Sfax
48.8370405,2.3383495,Resto Royal
48.8684653,2.3032108,Pret A Manger
48.8541738,2.3368535,Così
48.8274124,2.3686583,Traiteur chinois Boubou
48.8267502,2.3667463,Olympiades Traiteur
48.8494467,2.298792,La Sandwicherie du XVe
48.8764835,2.3573705,KFC
48.8525414,2.405805,Buffet Dost
48.8654005,2.3766714,Binks
48.836651,2.4029104,Le Petit Traiteur Pékinois
48.8380602,2.3966799,Xin Mao
48.8373842,2.4009129,O'Bon Traiteur
48.8428137,2.3265249,Big Fernand
48.8451465,2.3492229,Joe Burger
48.8268041,2.3789105,Libshop
48.8401832,2.3406406,Le Palais de la Perse
48.8281136,2.3804307,Ang
48.8700658,2.2983963,Pret A Manger
48.8419007,2.2984714,Buns
48.8430473,2.3234173,Pomme de Pain
48.8806424,2.3662161,Compose
48.8634333,2.3485862,Roomies
48.8703326,2.2969157,Les Gourmets de Galilée
48.8641516,2.3716125,La Cantine Gourmande
48.8709175,2.3263077,Pomme de Pain
48.871357,2.3263935,Tasty Burger
48.8249651,2.3753708,Restaurant Renommée
48.8405802,2.3513226,Snacks Censier
48.8271901,2.3722852,Mangez-moi
48.8272247,2.3722304,Hoa Patay 82
48.8763874,2.3385186,So Nat
48.893888,2.3622972,La Rose de Paris
48.8448922,2.3837811,La Bonne Tradition
48.8835987,2.35049,Kaliente
48.8746401,2.3479124,Naoppé
48.84236,2.3986769,La Sicilienne
48.8595412,2.3504971,Shawrma Lovers
48.8513457,2.3440149,Chipotle
48.8398251,2.3498357,Porzione di Capri
48.8275961,2.3721357,Fit bowl
48.854131,2.3370297,Kaïto
48.8454532,2.3400758,Sama Loubane
48.8455287,2.3401146,Happy Snack
48.869765,2.354245,Chouchou
48.8840453,2.3506242,Snack 116
48.8617462,2.3414504,Pret A Manger
48.8916654,2.3742103,Venitia
48.8415813,2.3224546,McDonald's
48.880041,2.299016,L'artisan du Burger
48.8872233,2.3498892,KFC
48.8802613,2.3405304,Le Comptoir Belge
48.8732491,2.3566993,Madiba
48.8462385,2.3543352,Five Pizza
48.8319123,2.3760489,Food Trucks
48.8893465,2.3498339,Chicken spot
48.8319976,2.3761581,Le Camion qui Fume
48.8627378,2.3347799,Carrousel du Louvre
48.845837,2.355289,TacoSmash
48.8826191,2.3497613,Sam Kebab
48.8328091,2.3158352,Jin
48.878162,2.3582476,Tandoori Shukriya
48.8815279,2.3479612,La Cantina
48.8791919,2.3364542,100% Crousti
48.8469444,2.3536069,Burgart
48.8728944,2.3904283,Crêpemen' Bon
48.8626408,2.3619601,Berger
48.8791477,2.3491802,Michelangelo
48.8347843,2.3456234,Habibi
48.8395436,2.3379568,Istanbul
48.8785291,2.355832,Wings
48.8655381,2.3603224,Fermier Gourmet
48.8293632,2.371998,Andiamo
48.8805077,2.3530573,Maison du Kebab
48.8802974,2.337374,Gustave Claps
48.849523,2.3793092,L'Adelita
48.8576134,2.3525329,Yummy and Guiltfree
48.8761092,2.3382023,Gyoza House
48.8765317,2.3370161,Valerio
48.870261,2.3527749,Genç Urfa Dürüm
48.8571058,2.3784708,Chez Aline
48.8766885,2.3363175,Maison Nouilles 09
48.8766856,2.3363539,Aejung
48.8808186,2.3654668,Thai Siri
48.8631009,2.313711,PNY
48.8827445,2.3423276,Sylver
48.8713353,2.3765316,Saigon Sandwich
48.8397862,2.3799659,Spice Resto
48.8397055,2.3800677,Chez La Meilleure Crêpe
48.8396706,2.3801106,Le 116
48.8396398,2.3801543,Barouni
48.839382,2.3814283,Valentine
48.848322,2.3201226,Traiteur Asiatique
48.8802568,2.3436035,Chez Cléopâtre
48.8743068,2.3310395,Royal Pizza
48.8743073,2.3350701,Ayao
48.8743248,2.3318904,K & S
48.8791757,2.3486633,Resto Ilane
48.8792199,2.3488834,Poivron Rouge
48.879204,2.3487123,Xin Kai Yue
48.8775418,2.3498101,Délicieux Istanbul
48.8775182,2.3497524,Good Chicken
48.8814981,2.3149271,Sushi Shop
48.8776852,2.3545342,Asian Food Hallal
48.8782149,2.3546402,Turquoise Istanbul
48.8867276,2.3470451,La Porteña
48.8621525,2.321193,Food Breizh
48.8318342,2.328482,Iris du Liban
48.8458963,2.3833976,Rayan
48.8528759,2.367346,Fresh Poke
48.8758843,2.3419339,Domino's
48.8546257,2.3847378,Aux délices de Charonne
48.8823536,2.3391044,Any Time Food
48.8813183,2.3841244,Chalet des Gaufres
48.8847427,2.3698972,Ephes 2
48.8713799,2.3347061,Crep:s Crew
48.8722743,2.3394047,Lina's
48.8712601,2.3346928,231 Est St
48.8720582,2.3406579,Le Bar à Sandwich
48.8487839,2.4008653,Flash Kebab
48.8461295,2.4019723,Pizza di Faousto
48.8525027,2.4045004,Sandwicherie Chez Laziz
48.8698766,2.3834844,1920
48.8836074,2.3692464,Zarma
48.8867818,2.3406879,Au Petit Comptoir
48.8794324,2.3541977,Taste and Take
48.8841369,2.3517808,Djerba
48.8791664,2.3540805,China Express Nord
48.8854772,2.3529366,Pizza de Ouf
48.879035,2.353997,Sandwich Kebab
48.8847271,2.3521991,La Soufflet
48.8845805,2.3522207,The Chicken Hut
48.8343902,2.3259941,Pizza 14
48.8513963,2.3993213,Vitamin Restaurant
48.8589549,2.3408275,Coffee Crêpes
48.858966,2.3407499,Resto Louvre
48.8342195,2.3183433,Apollon
48.8818721,2.3547676,Exki
48.8679925,2.3727527,Domino's
48.8923791,2.3746464,Didim Kebab
48.8370086,2.3722489,Il fenomenale
48.837081,2.3723884,Anamour
48.8334274,2.3989009,Restaurant D'Oré
48.8704394,2.3502987,Italia trattoria
48.8711235,2.3063833,Burger King
48.8487649,2.2981078,Sushi Shop
48.8525185,2.3354967,Le Cercle des Universitaires
48.8429821,2.3867953,Sav'heures in
48.8492701,2.3401862,The French Waffle
48.8869916,2.3147133,Turkuaz
48.8819572,2.366654,El cartel del taco
48.8868822,2.3136095,Le Spécial Burger
48.8618336,2.3504845,Chez Elie
48.8479354,2.340756,Le Fournil
48.8482772,2.3408339,Bambou
48.8863832,2.3128557,Ben's
48.8756506,2.3396426,Goutu
48.8749163,2.3393268,Label Ferme
48.834738,2.3681362,Boom Burgers
48.8347622,2.3682079,Saveur Asia
48.8268713,2.3687115,Bobun 2 go
48.8732225,2.3904561,Afrik'n'Fusion
48.8246574,2.3643315,Chicken World
48.8818173,2.3641271,Grill Time
48.8817685,2.3642233,njus food
48.8421829,2.3008773,Original sandwich
48.8853405,2.3164248,Bò-bún gourmand
48.871322,2.3269758,Koss
48.8908238,2.3179029,Chez Sophinette
48.8784519,2.3642815,L'atelier du Miam
48.8788869,2.3634076,Jumbo
48.8789096,2.3633611,Mic Mac
48.8793066,2.3627246,Djaam
48.8799232,2.3634601,Speedza
48.8810871,2.3649024,Istanbul Grill
48.8502123,2.3821428,Lotus Imperial
48.8727151,2.40408,Pizza d'Haxo
48.849564,2.3872367,Cinar
48.8773144,2.3564516,Café Bangla
48.8910006,2.3761958,Alto'Tacos
48.8682571,2.3474998,Bioburger
48.8667457,2.3473592,Bollynan
48.8913886,2.3757681,La Ryad
48.8821676,2.3687632,Restaurant du Coin
48.890777,2.3773733,Délices de Flandre
48.8512775,2.3289475,Cuisine de Bar
48.8698319,2.3436451,Mongoo
48.834152,2.3874114,Aux délices de Bercy
48.8399561,2.3517896,Le Pot O'Lait
48.8457239,2.3419002,Saïgon Snack
48.8339136,2.3552,La Maison du Falafel
48.8333001,2.3558591,Chez Mimi
48.8364031,2.3587873,Rocher du Liban
48.855962,2.3589821,Ginsburger
48.8705577,2.2853416,Saveurs & Co
48.8787709,2.3625942,Restaurant Bodrum
48.8676897,2.3960001,Yummy Fried Chicken
48.8755814,2.3572955,Chicken Spot & Kebab
48.8756049,2.3570716,Place Food
48.8712679,2.3456118,Cojean
48.8527896,2.3432497,ThaiXpress
48.8785327,2.3572643,Bonoful
48.883003,2.346426,Cot Cot
48.8477939,2.4079968,Goa Kebab
48.8712631,2.3074957,Smash
48.8661108,2.3796875,So’fast
48.86544,2.3768587,Nobinobi
48.8712741,2.3533066,Restaurant Sancak
48.8646802,2.3563055,Restaurant Wenzhou 温州点心店
48.8706752,2.2852676,Sushi Shop Poincaré
48.8404149,2.351866,Monts & Rizières
48.8307923,2.3740461,Sushi M
48.8704776,2.2849317,Lys d'Asia
48.8651824,2.3624159,Season
48.8539503,2.3720856,Chicken Spot
48.8484022,2.3484029,Aux Délices d'Asie
48.8315463,2.3289273,Ikira Sushi
48.8673326,2.2816898,Le 32
48.8869088,2.3404269,Tutti Sensi
48.873153,2.325781,Djawa
48.8732727,2.3224622,Mesclun
48.8735516,2.3223831,Jasmin Kuacan
48.8735493,2.3213743,Cojean
48.8734927,2.3179157,Kini
48.8733117,2.3179866,Aux Goûts d'Asie
48.873516,2.3177298,Le Royal
48.8739451,2.3146426,Ïnuï
48.8739912,2.3146391,Roomies
48.8733402,2.3111198,L'Orient des Champs
48.8733646,2.3088283,Libshop
48.8667532,2.3451814,Le Panier
48.8724444,2.3761544,Traiteur Aux Bons Amis
48.8614054,2.353207,Exki
48.8591608,2.3502525,KeyJuice
48.8619569,2.3519254,Les Barytons
48.8599044,2.3508781,Pho Banh Cuon 14
48.8618879,2.3518982,Marie Madeleine
48.8668682,2.3735652,Kosmik Corner
48.8520576,2.339705,crêperie odéon
48.8379411,2.307941,Cerf Woody
48.8379922,2.3079981,My Salad
48.8572594,2.3805986,Feyrouz
48.8669523,2.3481331,O'Tacos
48.8677872,2.3328738,Mister Garden
48.867707,2.3324458,Nooi
48.8673937,2.2813782,New Delices
48.8380086,2.3054394,Delissimo
48.8688094,2.3517416,VBB House
48.8387899,2.2898097,N'One
48.8674686,2.2813002,La Mandarine
48.8674406,2.2815927,Fatto Qui !
48.8535325,2.3383281,Blend Odéon
48.8542696,2.3070381,Tour Food
48.8679215,2.387007,Ottoman corner
48.8691445,2.3912099,Grill & Kebab
48.8425318,2.324593,Pain et Olives
48.8641426,2.3558049,Noo-York
48.8888349,2.3235328,Fait ta Crêpe
48.8484397,2.2984525,Food Store
48.8468903,2.2987369,Le Cappiello etc...
48.8392369,2.2609681,Daily Food
48.8532931,2.3736467,Salt
48.8425298,2.3203127,231 East St.
48.8432078,2.2933408,Compose
48.8413344,2.2644399,Pizza Exelmans
48.8833557,2.3481572,Le Roi de la Garantita
48.8369923,2.3602414,Caféteria Universitaire Pitié
48.868093,2.2843823,Marcel
48.8824645,2.3465839,Pizza
48.8919049,2.3749583,Crep'Way
48.8902709,2.3557064,Domino's Pizza
48.8764916,2.4066234,Relais Tropical
48.8811234,2.3431723,La P'tite Fringale
48.8786643,2.3398537,Sushi Shop
48.8370562,2.2792648,Fast Balard
48.8634912,2.387254,Kydam
48.8827795,2.3464072,Pizza Time
48.8828291,2.3466721,Restaurant Pacha
48.8454278,2.3950581,La P'tite Cuisine de Picpus
48.8825799,2.3468677,Royal Roche Chouart
48.8690407,2.2850283,Fresh
48.84906,2.4090551,Rio Caldo
48.8393892,2.3691224,Pret A Manger
39.6030761,-87.6957594,Burger King
48.8675189,2.3471474,Brigade
48.8679455,2.345181,Le Réau
48.8666704,2.3495742,Pokitime
48.8815268,2.3464257,Europe Kebap
48.8720531,2.3404894,Chipotle
48.8218267,2.3657498,Chez Vinh Express
48.8218463,2.3658486,La Grèce
48.8291137,2.3276622,Street Bangkok
48.8717976,2.3603439,Miniprix
48.8710459,2.3612621,Crêperie Bonsergent
48.8882568,2.3244937,Naan Stop
48.8955443,2.3434629,Le Délice
48.8657335,2.3457874,Mamasans
48.8323593,2.3730395,Panificio
48.8322113,2.3730966,Griglia
48.832538,2.3727846,Au Cheval
48.832398,2.3726119,Trattoria
48.8320557,2.3726214,Pizzeria
48.8719898,2.4050776,Les Orangères
48.8553491,2.405481,Pizza Villa Cezar
48.8226478,2.3464245,Mak Chicken
48.8701,2.342854,Comme un dimanche
48.8698986,2.3426514,Kongfu pate
48.8447731,2.3549958,Mina Express
48.875246,2.2933494,L'Arc Food
48.8946966,2.3818083,Fendi Grill House
48.8360354,2.3105224,House Food
48.8344265,2.4052213,Pizza du Trône
48.8343246,2.4050564,Crousti Poulet
48.8670048,2.2817511,Sushi Man
48.8536912,2.3662967,Franks Hotdog
48.8496108,2.3538948,L'Artisan Burger
48.8495578,2.3552846,Pasta' Del
48.8513171,2.3441301,Zumita
48.8733487,2.3818427,O'Kartier
48.8730416,2.3803798,La baguette du boucher
48.8731161,2.3807401,La guez mère
48.8489881,2.3256137,Noli
48.8770594,2.3949519,L'Escale de la Place
48.8688176,2.3348652,Label Ferme
48.8405653,2.3345793,Ducky's
48.8666098,2.3372128,Omusubi Gonbei
48.878603,2.2607,La Chaumière Gourmande
48.855161,2.3733891,Pizza Costa
48.8555299,2.3783837,Maxin Chicken
48.8540939,2.3712332,Au Phénix d'Or
48.8415761,2.3626221,Banh Mi Viet
48.8257935,2.3654332,Sushi Magic
48.8213302,2.3701885,Coupi Street Kitchen
48.8859827,2.3341451,La Creperie
48.8518325,2.3168412,Carrefour Bon App
48.8517972,2.3176988,Yamaya
48.8423327,2.2805212,Le Délice Burger
48.8297805,2.2753781,Pomme de Pain
48.8872189,2.3877644,Grill Bosphore
48.8529335,2.3446804,Maison de Gyros
48.8271941,2.3669454,Popote & Papote
48.8393003,2.3400855,Univers Pizza
48.8591907,2.3537261,Au Petit Marais
48.8735994,2.3833341,Croc Time
48.8734594,2.3835167,5ème
48.8735446,2.3842162,Avec Amour
48.8735263,2.3840491,5 pizza house
48.8736507,2.3848763,Massama délices
48.8273836,2.3255212,Cheng Délice
48.8468934,2.3536819,Le Roi du Délice
48.8431672,2.3049491,McDonald's
48.872625,2.3793196,Régal d'Asie
48.8734738,2.382469,Petits raviolis
48.8512528,2.3767594,Mypoki
48.8867361,2.3474587,Toloache
48.8610212,2.3537814,Falafel du Liban
48.8605688,2.3556557,Pain de Sucre
48.8605527,2.3556987,Delitaly
48.8523251,2.3457552,Chawarma
48.8669718,2.3473866,Waffle
48.8265749,2.3712968,Béryl
48.8271273,2.3708268,Traiteur Chez Madame Lin
48.8261037,2.3714446,Africa Food
48.8712647,2.3431266,Dice Poké Shapers
48.8758525,2.3220726,Subway
48.8757207,2.3227733,Pass'sage
48.8827045,2.3370162,Kebab Fresh Tacos
48.8730049,2.3801752,Asian wen's food
48.8630493,2.3148959,Flow
48.8831443,2.3339847,Green Farmer's
48.8839199,2.3311685,Black and White
48.8833,2.3350515,Dounia
48.8834152,2.3346629,Falafel Salle au 1er Étage
48.8840105,2.3327314,Crêperie Elo
48.8713295,2.2834364,Baci
48.8675574,2.3437546,Momo House
48.8640393,2.3464341,Shon Berliner Kebab
48.8634818,2.3464644,Crêpes et Gaufres
48.8661624,2.3477974,Hawa Beirut
48.8672677,2.3471574,McDonald's
48.8873955,2.3561098,Pizza Cinq
48.8670066,2.3762966,My French Kebab
48.8673537,2.2816612,Fa Fa
48.8387132,2.2592842,So Crêpe
48.856477,2.4059578,Un Air de Famille
48.8410485,2.2652896,Traiteur Pekin
48.8873092,2.3533716,Le Djamel
48.8878716,2.3561008,Sole - Mio
48.887334,2.3554057,Sandwicherie
48.8870308,2.3532578,Rayan - Sandwicherie
48.8868858,2.3513261,King Coq
48.8868494,2.3511531,Épicerie le Myrha
48.8428064,2.3635502,Mr Wings
48.8387909,2.3960663,La Rôtisserie
48.8390816,2.395821,Custom Pizza
48.8476743,2.352344,La Crêperie du 2bis
48.8785602,2.2845614,Le Chawarma du Palais
48.8860637,2.3715824,Kimsou
48.8863353,2.3718975,Fresh & Fast
48.8866978,2.3723401,TacoShake
48.8533338,2.342607,Culture Crêpes
48.8532516,2.3426093,La Maison du Kebab
48.8444972,2.3545611,L'Étoile du Liban
48.8894885,2.3757673,Memo
48.8889217,2.3750371,Domino's
48.888696,2.374742,Akdeniz
48.8753129,2.3729495,Chick'n Choc
48.8751099,2.3739815,Los Pollos
48.8723377,2.3631184,Le Cœur du Liban
48.8722332,2.3630396,Bun's Land
48.8762675,2.289909,Poké Five
48.8749089,2.3312816,Mian Fan - Crispy taiwanese fried chicke'
48.8555772,2.391652,Délice Pizza
48.862149,2.3666628,Theory
48.8731269,2.3208097,Votre cantine sur mesure
48.8731776,2.3207755,Planet Sushi Paris - Madeleine
48.8743438,2.3175543,Mister Garden Boétie
38.1923381,-84.2771275,McDonald's
48.895862,2.3467635,Pépé Santana
48.8711701,2.3742237,El poulet braisé
48.8708909,2.3739668,El Menzel
48.8747915,2.3735451,Snack BD Tacos
48.8749745,2.3733339,Les deux Frères
48.8693206,2.3797956,Mhajbi
48.8402306,2.3406681,Asie Express
48.8709541,2.3786579,Poka house
48.8714073,2.378565,Street Cantine
48.8700833,2.3788501,La Rose Sucrée
48.8692878,2.3798446,O'chwa
48.8665297,2.3473121,Grillé
48.8431965,2.3131203,Take Otac
48.8416585,2.3081154,Pizzeria Luigi Pepone
48.8535309,2.2650353,Pizza & Épicerie Italienne
48.8796406,2.399891,Ô Maestro
48.8698152,2.3737159,Paris chicken
48.8706217,2.3780221,Brunch
48.8704468,2.3774154,Center Milano
48.8767112,2.3359258,Lansard
48.8595711,2.3474794,Little Baobei
48.8504232,2.2707563,Chez Nelly
48.8427721,2.3242941,Famous Slice
48.8347751,2.3193805,Stam
48.865643,2.3769627,La Brigade
48.8720656,2.2934734,Exki
48.847223,2.3180111,KOOK
48.8512286,2.3908445,HBK
48.8726219,2.3759717,Best Tofu
48.833376,2.3237515,Pimp my Crêpe
48.896182,2.3380438,Crousti Poulet
48.8684819,2.366668,Five Pizza
48.870075,2.2825463,Bol - Poké Factory
48.8653919,2.376626,Sukhumvit
48.8714602,2.3537064,Tandoori Time
48.8963119,2.3597499,Food House
48.8850047,2.3599909,Mac Beni
48.8692501,2.3537453,C KEBAB
48.8691527,2.3538974,McDonald's
48.873735,2.3871294,Domino's
48.8714307,2.376651,Sandwich 17
48.846605,2.3693522,Fin de Faim
48.8842612,2.3089933,Q
48.876885,2.3326655,Daily Lucien
48.8769361,2.3330565,Noush
48.8691392,2.3687192,Banh Me Tender
48.869611,2.3701006,Bubble Time
48.8340033,2.3018675,Bobun Moi
48.8333525,2.2944639,Ô' Cheez
48.8611898,2.3411607,Chez Alexandre
48.8850959,2.3062475,Kanteen-Paris 17
48.8297994,2.3713843,B-east
48.8634898,2.3580034,Mirukuti
48.8441466,2.3550215,Jardin Burger
48.8439338,2.3224125,Bistrot de la Tour
48.8453486,2.3491893,COOK crêperie
48.8455229,2.3490585,Bánh Mì
48.8455963,2.3490632,Bonjour Vietnam
48.8731467,2.3750094,Le Bon Palais
48.8441146,2.3550251,Délice Jussieu
48.8940366,2.3134193,O Berthier
48.8505475,2.3820053,Delitaly
48.8551077,2.3810982,Tambo
48.8569053,2.3801715,Pizza 3 Crêpe
48.8655251,2.3747105,O'Tacos
48.8915107,2.3206156,Tacos 75
48.8465718,2.3406805,Alfred
48.8443588,2.3394533,Nagoya
48.8805607,2.3289165,Bagel and Cream
48.8821719,2.3197223,Le Savoureux Kebab
48.8821595,2.3196655,Napoli Gang
38.1960771,-84.2743963,Dairy Queen
48.8659664,2.3790391,Sürpriz - Berliner Kebab
48.8485443,2.3418571,Pret A Manger
48.8387106,2.3229032,Big Flame
48.8881737,2.3761387,O'Royal
48.8852028,2.3111316,O'Tacos
48.8917763,2.347728,Kifak
48.8594903,2.2761385,Domino's
48.8649747,2.405313,Pause Kebab
48.8567961,2.3954778,indian street food
48.8662227,2.3703631,Fleuryan
48.855302,2.3688955,Big Chef
48.883741,2.373176,Mac King
48.88371,2.3730653,La grande muraille
48.8938128,2.314878,Le Mondial
48.8674105,2.3334333,Pret A Manger
48.8629959,2.3520105,Anatolien
48.8677101,2.3325386,DICE
48.8570837,2.3045936,Birdy
48.829122,2.3085768,Pizza Angelina
48.8410351,2.3161159,Pizza-panini
48.8279399,2.3260808,Feyrouz
48.8906034,2.345322,Gemüse – Berliner Kebap
48.8585519,2.2693464,Le chalet du Ranelagh
48.8753451,2.3983936,Au Salé Sucré
48.8836204,2.3740482,Alpha Burger
48.854571,2.3393103,La Crêperie Française
48.8521037,2.3390608,Les Biches
48.8531813,2.3768485,Starvin Joe
48.871475,2.3420315,Yummy and Guiltfree
48.8662374,2.3976277,Croq Pizza
48.8660168,2.3978029,Asian Yummy
48.8666197,2.3967641,Crêpes Salades
48.8598929,2.3480513,Black and White
48.8758698,2.3418375,Ilios
48.8471848,2.343393,American Corner
48.8280603,2.3063752,CroqFraish
48.8680318,2.3465493,Palika Poké
48.8570255,2.3556009,Bagelstein
48.8554244,2.3579962,Kafet' Kaviari
48.8477532,2.377268,Pizzeria Roudana
48.8466413,2.3726133,Spiga
48.8661633,2.3791098,Zaatar
48.8655988,2.3767844,Le Petit Phénicien
48.8658155,2.3784031,La Pita
48.8657112,2.3780342,Bakel
48.8661522,2.3770325,Bubble Mood
48.8668943,2.3764026,Le Favori
48.8659114,2.3780533,Fu Lai Xi
48.8671831,2.2899298,Cojean
48.8405404,2.3457087,Becky's
48.8824284,2.3385585,Noor
48.8819826,2.3386677,YES
48.8635612,2.3577906,老東家
48.8813358,2.3361957,Le Quetzal
48.8732131,2.3270645,Pret A Manger
48.8759853,2.32761,Le Bosphore
48.8833348,2.3436358,Pomme de Pain
48.8912325,2.3193594,Zelal
48.878183,2.3268689,Bai Wei
48.8665023,2.3470819,Riha Durum
48.8257638,2.3744513,A.R.S. Chicken
48.889697,2.3129443,Pret A Manger
48.8485006,2.2893078,O Best Of
48.8436391,2.3253478,Bioburger
48.8344212,2.3191918,Sibel
48.864034,2.3548232,C'fusion sushi
48.8641337,2.3548965,Hot pot noodles
48.8577066,2.3528548,Crêperie Elo
48.8576278,2.3527903,La quéquetterie
48.8440795,2.291729,Stella Pizza
48.8619376,2.3509982,DNoodles 70
48.8671816,2.3607078,Bento&Go!
48.8972226,2.3452398,Break Time
48.8967162,2.34569,Delice Kyoya
48.8955447,2.346643,Marrakech
48.8970872,2.3447983,Ornano Express
48.8969226,2.3455025,Galatasaray
48.8960683,2.3456551,Latino Pizza
48.8686913,2.3367287,Le 37m²
48.8478376,2.2852007,Gourmets Gourmands
48.8711942,2.361899,Miao Xiang Ge
48.8619086,2.3529453,Chacha et Compagnie
48.8325668,2.372663,Bowl
48.8545064,2.3717099,Florya
33.6726366,-95.5196557,Fuzzy's Taco Shop
33.6726704,-95.5198231,Dunkin'
33.6610265,-95.5374152,Domino's
48.8756997,2.3228114,Spok
48.8592616,2.375876,Discovery Food
48.8689825,2.35249,Le Kol Tov
48.8327034,2.3752978,Bob's Café
48.8905149,2.3518168,Maxin Chicken
48.8547304,2.3723046,Little It
48.8680922,2.3474096,Mister Garden
48.8615549,2.3534306,Budji
48.8855161,2.387048,Family Pizza
48.8548116,2.3584684,Puerto Inca
48.8467338,2.3210448,L'épicerie Jeanne
48.86962,2.3703025,Rapid'naan
48.8538738,2.3707317,L'Escabèche
48.8662493,2.3685041,MaxxxTIME
48.8431633,2.3256473,Baraque à beignets-crêpes-churros
48.8506085,2.3470802,Prêt à Déguster
48.8458648,2.3020825,Domino's
48.8477075,2.3424643,Au P’tit Grec
48.8423034,2.3631638,Bella Ciao
48.8531808,2.3768962,Nem Star
48.8664836,2.380365,frittza
48.8501552,2.3851148,Saveurs d'Asie
48.8501636,2.3850556,La Paradis
48.8344851,2.3186495,Roar
48.8539878,2.3620253,L'Atelier du Sandwich
48.8269028,2.3421488,Eat and Go
48.8284061,2.3430876,Gourmet d'Asie
48.8296616,2.3437915,Cuccagna
48.8312937,2.3411088,O'54
48.8298779,2.3289433,Brasao
48.8291332,2.3282962,Côté Sushi
48.8288093,2.3296949,Pizza Gigi
48.8268017,2.3262101,Planet Sushi
48.830914,2.3286035,Dragon bol
48.8312414,2.3280315,Paris Istanbul
48.8314327,2.3266338,O! Festin d'Italie
48.8347614,2.327613,Ginza
48.834591,2.3280972,Délice Daguerre
48.853432,2.3800126,Mokoloco
48.8747776,2.3722259,El Medina
48.8752684,2.3235142,231 East Street
48.8348967,2.3197576,Mezze de Beyrouth
48.8333149,2.3168041,Poké Fun
48.8331865,2.3165683,Mme Shawn
48.8327883,2.3160816,L'Île de Djerba
48.8681068,2.381408,Di Napoli
48.868139,2.3813604,La table de Tunis
48.8681774,2.3813128,Jwaj'm Juice
48.8737837,2.3852449,Maga Kebab
48.8341548,2.3081983,Top dej
48.8341927,2.308228,Pizza
48.8397696,2.3385991,Zhang's Gourmets
48.8390827,2.3399526,Aux gourmets d'Asie
48.8678761,2.3817044,Kool Food
48.8668056,2.3824876,Gladalle
48.8667862,2.3824359,Piazzo
48.8674699,2.3759157,InMyBelly
48.8375066,2.3451268,Espagne Royale
48.8680881,2.3782028,Tizi Grill
48.8649457,2.3753675,Star Food
48.8653193,2.375141,Crêperie Elo
48.8877104,2.3896168,Burgy Time
48.8717779,2.3217138,Lina's
48.8702703,2.3267842,Pret A Manger
48.8404061,2.3951404,Burger California
48.8809087,2.3271732,O bun's
48.84078,2.333945,Traiteur Litchi
48.834561,2.404591,O'Tacos
48.8669594,2.3743246,Little Lyoom
48.8661604,2.3707172,Pizza Mario
48.836183,2.3486832,Pizza Cordial
48.8362204,2.3487027,Gap
48.834568,2.3287125,Açaï & you
48.8339648,2.3293769,Étoile d'Asie
48.8332206,2.3249498,Delicia
48.8333724,2.3243309,Bon amis
48.8276391,2.3289769,LR Restauration rapide
48.8474797,2.3523124,La Voie Lactée
48.8266604,2.3133408,La Panaméenne
48.8854716,2.3199098,Kebab des Batignolles
48.8841108,2.3225434,Lucky Luciano
48.8665604,2.2813254,Coffee Parisien
48.8527219,2.3542603,Le Sarrasin et le Froment
48.8870533,2.3133453,Dream Food
48.8819147,2.3147598,Pokawa
48.857003,2.3811285,Berliner - Voltaire
48.876522,2.3690372,Lüks Kebab
48.8741545,2.3164506,Lamée Sandwicherie
48.8569939,2.3588174,Alfi
48.8935329,2.3848727,Banm' Bokit
48.8923754,2.3270411,Drima
48.8665413,2.3516695,Furahaa
48.8697074,2.3697504,Traiteur Ben Long
48.8818148,2.3149234,Big Fernand
48.8805768,2.3173229,Kebab Istanbul
48.8802882,2.3175879,Pizza della Rocca
48.8642653,2.3987833,Restaurant Carthage
48.8695353,2.3946688,Les Farfadets
48.8747375,2.3714561,Deegha
48.8702852,2.3016373,Delicious Café
48.861784,2.3515963,Coco
48.8543373,2.3639792,Oh ! Falafel du Liban
48.8842424,2.3268999,Le Palais Ottoman
48.8557065,2.3604385,Clark hot dog and coffee
48.8617984,2.3506292,Vertus Bar à Jus
48.8736707,2.315203,Made in Italy
48.8734094,2.3143583,Cojean
48.873928,2.3146475,Inui
48.8486435,2.3404579,Bobo
48.8728483,2.3094332,Mister Garden
48.8733329,2.3132365,Bagel Corner
48.8490751,2.3429656,Libre-service Champollion
48.8372507,2.3518819,Sushi Konnichiwa
48.8450553,2.354887,Hoa Sen
48.8892468,2.3199342,Sando&Curry
48.8894488,2.3191723,Sarra(cui)sine
48.8775615,2.3274818,Pret A Manger
48.8541172,2.3954561,Wings & Chill
48.8703668,2.3480119,La Bonne Nouvelle
48.8717766,2.3539306,Pidè Paris
48.8700597,2.3529805,Melodie
48.8738514,2.3548878,Libanais Faubourg
48.8648369,2.3569961,Panda Crêpe
48.8339331,2.3219067,King's fast-food
48.8335269,2.3864628,Fresh Burritos
48.8332987,2.3547119,Chez Eugène
48.8377277,2.3555116,Délices Saint-Marcel
48.8263037,2.3813084,Chocco' La
48.8381506,2.3313334,Azuli
36.2856997,-88.3103938,Subway
48.8386799,2.3696285,Cojean
48.8710041,2.3605199,Yuan
48.8826033,2.3381601,Subway
48.8523181,2.3673891,Hokkaido
48.8740936,2.3207188,Cantinetta Ventura
48.8855011,2.319849,Les frères des Batignolles
48.8837677,2.3209458,Via Roma
48.8832203,2.3204099,Pokawa
48.8844246,2.3192582,Bouk's
48.8741337,2.3351877,Mangez et cassez-vous !
48.8651086,2.3328434,Bagelstein
48.8716732,2.3216948,La Piadina
48.8746198,2.3190892,Prêt à Manger
48.8518792,2.3349895,Spécimen
48.8410753,2.3520746,Shaka Loa
48.8390526,2.3507517,Regal Thaï
48.870915,2.3727785,Burger maison & sandwichs kazdal
48.8231345,2.3774442,Hot snack
48.8399421,2.3610377,Golden Food
48.8373493,2.3529023,Délices Folie's
48.826874,2.3634633,Tenderness
48.8353704,2.292329,Saveurs gourmandes
48.8355005,2.2925639,Croq'M
48.8395011,2.3507553,Green Deli
48.8522422,2.3337587,Pitaya
48.8976105,2.358658,Au Délice de La Chappelle
48.8675773,2.3752653,Parsley
48.8526068,2.2988567,KONAPOKE
48.8454299,2.3544337,Sushi bar
48.8465987,2.3541316,Bun's Club
48.8453855,2.354436,Cala
48.8434148,2.3524281,New Gourmand
48.8765478,2.3548575,Traiteur Ly Heng
48.8901629,2.3198423,Piazzo
48.8816622,2.336884,Dumbo
48.8903762,2.3493191,786 – Burger & brasserie
48.8906442,2.349383,Extra Doner
48.8900538,2.3488355,Taster
48.8677112,2.3787231,Rapide Moret 11
48.8905872,2.3498333,Chez l'Ami
48.870415,2.3705357,Le soleil d'Anatolie
48.8734644,2.3824128,Babs
48.8529674,2.3744486,Blend Charonne
48.8884611,2.3217787,Sushi et Rock lovers
48.8734843,2.3903397,Panini Jourdain
48.8911746,2.3498303,Grec Algérien
48.8681421,2.3785427,Le soleil du jardin
48.8852154,2.3162014,Domino's
48.8851577,2.3160928,Rapido Legendre
48.8712708,2.353611,Shun Li
48.8713754,2.3536658,Kemer
48.87022,2.352759,Délices
48.8701351,2.3527105,Porte Saint-Denis
48.8675495,2.3762166,Pizza house
48.8887052,2.3472633,Mr. Burritos
48.8464316,2.3272187,Bagels & Brownies
48.8697587,2.3479224,Will's Deli
48.8937685,2.3811832,Le Soleil
48.8836624,2.3289756,Sawadee Khap
48.8834446,2.3296345,Five Pizza
48.873322,2.3705377,Kali
48.8728796,2.3708656,Fleurs du Cambodge
48.8686821,2.3478098,Pizza 404
48.8707741,2.3771166,Planet food
48.8453306,2.3149256,Cafétéria du carré Necker
48.8595086,2.3478055,Île Sushi
48.8876579,2.3239545,The Grilled Cheese Factory
48.873134,2.3778971,Lim sept
48.8695981,2.3739427,Bazar kebab
48.8400774,2.3500258,Bibani Pizza
48.8348758,2.3164598,Mamé kitchen
48.8487161,2.3278894,Posi
48.870976,2.3473484,Fête à Crêpe
48.8760511,2.370019,YOUPI Tea'M
48.8761959,2.3695636,Ze'Naan
48.8595075,2.3768917,OPS Pizza
48.8977875,2.375325,Class'croute
48.8703312,2.3729362,Les frères hummus
48.867649,2.3770082,So'Like
48.8878633,2.3498019,Kamer
48.8641341,2.3554485,Chez Haki
48.8799971,2.359212,Tandoori Lafayette
48.8819837,2.3659953,Chicken's world
48.8897465,2.3461486,Roulo
48.8676794,2.3828457,Urban Crêp's
48.8676305,2.3832647,Restaurant Soleil d'Anatolie
48.867499,2.3822113,Le Prince
33.6605102,-95.5127967,Chick-fil-A
48.8897398,2.3213869,Diren
48.8700677,2.3349225,Yi Yi traiteur
48.8738544,2.3351965,Chongqing Hot Pot Noodle
48.8903618,2.3454999,Ricky la Bagarre
48.8736604,2.383882,Basis
48.8431976,2.388335,ELIT
48.8336081,2.3173393,Five pizza
48.8336416,2.3174087,Break Pernety
48.8442478,2.3313212,O.B.U.
48.8445341,2.4048566,Mr. Lobster
48.819125,2.3624441,Encore un Bol
48.8767062,2.4046832,Bee Burger
48.8824268,2.3465755,Black Pide
48.8507307,2.3789395,O'Crousty
48.8359768,2.3858104,Koulibia
48.8356614,2.3857621,Resto du parc
48.83606,2.3857388,Maison du Naan
48.8358189,2.3857393,Traiteur Jia Le 佳樂
48.8675008,2.3770434,Alpha burger
48.8844291,2.3411141,Mamie Colette
48.835411,2.3858509,Le club
48.8640836,2.3667583,Crêpe Time
48.8624712,2.3652725,7 au Marais
48.8671494,2.3756677,Mamagaya
48.8669604,2.3749519,Lyoom
48.8682302,2.3736004,La French Poke
48.8693463,2.3360371,Cojean
48.8692577,2.3360461,Madame Mozarella
48.8733132,2.3477801,La Frairie
48.8196076,2.3644444,Paris 13
48.8762239,2.3326763,spok
48.8348086,2.3683589,Là-haut
48.8750758,2.3588649,Chicken Street
48.89203,2.3101048,Bioburger
48.863571,2.3530491,La Galette libanaise
48.8471067,2.3433448,Croq-Fac
48.8526603,2.406367,Nawab
48.8415416,2.3263351,Pizza Delambre
48.856042,2.3670789,Giraudet
48.8542316,2.3685467,KFC
48.898343,2.3356051,Class'croute
48.867097,2.3340641,Cojean
48.8845048,2.3412517,Pizza del Mondo
48.8847998,2.3404842,Chez Vous
48.8604039,2.355617,Bioburger
48.8907215,2.3482043,Côté Breizh
48.8910588,2.3475069,Joli Marché
48.8838641,2.3416244,Pita
48.8838152,2.3416524,Fric-Frac
48.8670706,2.3023856,Dinand par Ferdi
48.8503985,2.3898214,Pizza de Venise
48.8519698,2.3463368,Poke Bowl Sandwich
48.8660028,2.3784807,Enjoy Corsica
48.8661757,2.379169,Le Soleil d'Oberkampf
48.8651837,2.377785,Gangnam falafel
48.8550024,2.3626621,Wrap Stories
48.8676536,2.3960665,Bodrum
48.8764482,2.3926249,Le Régal
48.8273216,2.3560788,Halà Chez Jad
48.8346212,2.2959168,Sandwicherie
48.8315204,2.3262963,Les pipelettes
48.8754808,2.3901734,Extra time
48.8475238,2.3483985,Take Otac
48.8686478,2.3367089,Nam Nam
48.8943163,2.3370027,Blend
48.8752432,2.3037904,Banhmi Brothers
48.8753446,2.3039454,Chatuchak
48.8752592,2.3043951,Intervalle
48.8754078,2.3040627,Olive et Popey
48.8761074,2.3024928,Nina's Bagel&Salad
48.8755073,2.3038563,Ti Amo
48.8752653,2.3040881,Kpoké
48.8764323,2.3021545,Canal Poke
48.8464809,2.3271851,Shifumi
48.8393496,2.3459638,Haohao sushi 好好
48.8790393,2.3476769,Gang Nam
48.8779845,2.344751,Ral' Bol
48.8780609,2.3447923,Snack Attack
48.835019,2.3265294,Opla
48.8619212,2.3648388,La cerise sur la pizza
48.8717591,2.3919397,Shack Shack
48.8709059,2.3930448,Kpital
48.830698,2.2892305,McDonald's
48.8566018,2.3583284,Kuma
48.8667565,2.3371516,Canard Street
48.8877642,2.3921191,Castro Maison
48.8881323,2.3921946,Pizza Jumin
48.8443376,2.3522194,Poke me 5e
48.8712739,2.3571079,K. Restaurant
48.8240468,2.364026,Ang
48.8715918,2.3069448,Dada
48.8718746,2.3086053,Gladalle
48.8715516,2.3066845,Baboon
48.8911903,2.3188784,Sabaidi
48.8778277,2.339401,Hai Fa
48.8814419,2.3400044,Elite
48.893646,2.3278513,Pepone Pizza
48.8943018,2.3280546,Five Pizza
48.8646499,2.3551537,ZG Biangbiang
48.8639591,2.3465771,Wic
48.865812,2.3570991,Chez Pepito
48.8798326,2.3659003,Class'croute
48.8834904,2.3396106,Kebab Mina
48.8664029,2.3607489,B.BELL Kebab
48.8599787,2.3501247,Eat & drink
48.8610633,2.3802316,FoodChéri
48.8244963,2.3643646,A. Seventy
48.8317601,2.3281008,La Mia pizza
48.8353437,2.3235239,Sushi pacha
48.8647523,2.3747192,C'bon d'Asie
48.8648996,2.3746093,Burak
48.8660171,2.3742371,Infinitea
48.8640637,2.3560649,Big boss
48.855023,2.2695227,Doner King
48.8550915,2.2695896,Sushi Shop
48.8364255,2.3918076,La Maison du Poulet
48.8971476,2.3286503,La Fringale
48.8756489,2.3420367,Bangcook
48.8613734,2.3803388,Le Gardette
48.8337326,2.3178806,Break Pernety
48.8695412,2.3270365,McDonald's
48.8863637,2.3474312,L'atelier
48.8500935,2.3422647,Five pizza
48.8881126,2.3247594,Nachitos
48.8889965,2.3232348,Jia Hao
48.8893926,2.3219968,Rice Box
48.8879675,2.3250003,Captain Bobun
48.8887933,2.3235996,Alpha Burger
48.888059,2.3248478,O Five Pizza
48.8877211,2.3249031,Pizza Yolo
48.8581841,2.3516187,MuMu
48.8674015,2.3328036,Berliner - Saint Honoré
48.8686613,2.3853917,Les délices de Tunisie
48.8648275,2.3594827,Mao Fry
48.8320028,2.3138466,Kebab Istanbul
48.8323614,2.3128858,Pizzy
48.8771056,2.4058472,La Belle Pizze
48.854159,2.3710378,Relais Bastille
48.8542962,2.3712188,Bagel Club
48.8543415,2.371626,Pita street food Méditerranéenne
48.8803838,2.3978091,Pizza & Love
48.8496263,2.34874,BamBoo
48.8603952,2.2748888,Bibimjoa
48.8506317,2.3795953,Five Pizza
48.8565873,2.3779182,Kow
48.8659427,2.2896317,Birdy
48.8546456,2.3711926,Babylone
48.8768467,2.3421175,Restaurant MBH Iris
48.8767335,2.3418474,Thym Sauvage
48.8619038,2.3489048,Restaurant tibétain
48.8422034,2.3351287,C' Rouge
48.8791555,2.34805,Açai & You
48.8701352,2.356055,Zoé Bouillon
48.8703168,2.3565147,Balafria
48.8637443,2.3463477,Petibon
48.8414142,2.3386927,Dlina
48.8415798,2.3381317,Table de la Grâce
48.8423612,2.3110451,Sunny Boy
48.8510478,2.3766614,fast food
48.8510201,2.3768062,Kebab
48.8474317,2.3257159,Gido
48.8453135,2.3255072,Copper Branch
48.8529467,2.3678342,La Pyramide
48.8721435,2.34803,Penny Lane
48.8404723,2.3493238,Focacceria Genovese
48.8329511,2.3541935,Bagel Corner
48.8905617,2.3204855,Aux Délices de Clichy
48.8298109,2.3557912,Pret A Manger
48.8481192,2.3540492,Chef Le Chat
48.8535144,2.3385425,Naked burger
48.8640619,2.3456573,Zeytoun
48.8808498,2.315463,Prego - sandwichs Bijoux
48.8568932,2.3979255,Totorino pizza
48.8675511,2.3663165,Mademoiselle
48.8393408,2.3563365,Amberger
48.8781268,2.3492969,Bake
48.8832063,2.3711496,Les delices d'amour
48.883388,2.3731757,2Z Resto
48.8589746,2.3798872,Chiv's koy
48.8650538,2.3371143,Bonjour
48.838746,2.2995787,Dreams donuts
48.8655079,2.3763567,Artisanal pizza
48.8814205,2.3731082,Aux saveurs Secrétan
48.8403385,2.3126555,In My Belly
48.843542,2.3384779,Eat Time
48.8297949,2.3277712,Pizza Royale
48.8560076,2.2801651,Minato
48.8570639,2.2798644,Monoprix
48.8426837,2.2819168,Malak al Tawouk
48.8427313,2.2819521,SeventyFive
48.8570459,2.2786053,Dom's
48.8439998,2.3492971,Bubble and Waffle
48.843078,2.3489843,Kokodak
48.8428765,2.3288618,Buffet Gourmet
48.8746374,2.3159264,Bagelstein
48.8746915,2.315919,Pazzo
48.8624656,2.3570176,車輪餅
48.8278803,2.3495501,Pizza cinq diamants
48.8280937,2.3500098,What the Poke ?!
48.8521197,2.3337731,Madame Guan
48.854083,2.3370356,Street Bangkok
48.8541576,2.3235206,36 Varennes
48.8674946,2.3763995,Nonette
48.8539378,2.3371609,Traiteur Delice Buci
48.8531907,2.3676939,A.M Sandwich
48.8537176,2.3386079,Fresh Kebab
48.8537216,2.3928566,Comme Home
48.8413633,2.3536058,Tacos Doré
48.8991232,2.3713866,OCroc Chaud
48.8333557,2.2896014,O'Djerba
48.852149,2.3558278,Cedrus
48.8640747,2.3865739,Samy’s BBQ burger
48.8869341,2.3400195,Snack La Pétaudière
48.845775,2.3951939,Le Petit Mariole
48.8469301,2.4063423,Fantastyk
48.8583909,2.3457644,Istanbul Grill
48.8608223,2.3425798,Bagelstein
48.8734114,2.3123194,Sushi Shop
48.845687,2.2990398,La regalade
48.8716865,2.3251302,Koï Bowl
48.8768601,2.3326039,Chez Agnès
48.8756787,2.3308929,Berliner - Joubert
48.870028,2.3502107,Berliner - Bonne nouvelle
48.8426833,2.3123317,Berliner - Pasteur
48.8331803,2.2893071,Baran
48.8721215,2.3430547,La Frite Francaise
48.8721749,2.343057,Focaccia Club
48.8441491,2.3492623,Cantina
48.8406359,2.3448145,O'Délices
48.8403846,2.3492152,Massala Magic
48.8423863,2.3496819,Il était un Burger
48.8357365,2.2804898,Poké Bar
48.8422334,2.3297388,Lazare
48.8415069,2.3304191,Koüs
48.8501395,2.3422987,Une Kaaké à Paris
48.8498788,2.3421333,Subway
48.8514698,2.3390371,Bagel Station
48.8488219,2.3403075,Bar Bol
48.854185,2.3390205,Pizza il Forno
48.8448808,2.3496008,Petit Myomy
48.8417334,2.3518235,Le Falafel
48.84492,2.354522,Yumy Bowl
48.8409847,2.3521569,Shake my Donuts
48.8446517,2.3491253,Sukisoba
48.850205,2.3734919,Nuza Poke & Sushi
48.8792484,2.3363804,Marguerite
48.8599515,2.3480867,Pizza Time
48.8595397,2.3480605,Grill Burger
48.8440813,2.3176358,L'Entremets
48.8424565,2.3276023,Crêperie Génia
48.8605719,2.3510102,Pizza Piano
48.8623563,2.3500962,Bobun Châtelet
48.8618937,2.3498303,5 pizz
48.8618598,2.3498122,HB
48.8724117,2.3639885,Croques Mobiles
48.838222,2.3459578,Jean Sushi
48.8368738,2.3487812,J'ai les Crocs
48.8672939,2.3844201,Liu He Jia
48.8428557,2.3263495,Burger King
48.8455819,2.2777694,Pizza mirabeau
48.8480261,2.3305959,Bánh Mì Viêt Nam
48.8479499,2.3303119,Bagelstein
48.8477267,2.329792,Popotes
48.8550947,2.3397577,C' Trop Bún
48.8545544,2.3390931,O-Komé
48.8468157,2.3301428,Cala
48.8685533,2.3685809,Sonny's Deli
48.8496572,2.3740031,Crêpes 71
48.853493,2.3390021,Bocamexa
48.8884313,2.3466674,Smile
48.8575757,2.349595,Compose
48.8290424,2.323709,Magical Hot Dog
48.8575128,2.3006259,Sandwicherie
48.8589158,2.3230287,Bordallo Pinheiro
48.8533239,2.3308127,Pazzo
48.8447285,2.3220294,Baba Bey
48.8648683,2.3830307,Birdy Miam Miam
48.8678903,2.3868804,Yummy thai
48.8678483,2.3866899,Crousti poulet
48.8479411,2.3237018,Sushi Shop
48.832415,2.3033528,Sandwicherie Grec
48.8289163,2.308153,Poketea Factory
48.829798,2.3016742,Mahiki
48.8425966,2.3243523,Pizza Odessa
48.835995,2.4067901,G La Dalle
48.8606373,2.3488139,Le P'tit Berger
48.8335698,2.2946381,La Galetterie
48.8343137,2.2953754,La Carotte Verte
48.8327208,2.2940994,Poké Love
48.887102,2.3420018,Au Cœur Couronné
48.8529088,2.3455383,French Toque
48.8465695,2.3877113,Orient Express
48.8523737,2.3887839,Mobi’s
48.8612444,2.400147,Fresh House
48.8531573,2.4061595,La Rôtisserie des Maraîchers
48.8594686,2.3761628,Mac Food
48.8593102,2.3752649,C'est mon donuts
48.8704252,2.3261909,Pret A Manger
48.8690983,2.3323918,Opera Food
48.8303544,2.3193848,Kaslik
48.8844746,2.3426215,Ma Douce
48.884237,2.3434483,Le Poulet d'Amélie
48.8450872,2.3195859,Sand
48.8447128,2.3184779,Cookame
48.8451197,2.3195187,Snack Cham
48.8298951,2.356416,Eatalia
48.8344529,2.2907761,Hyper Sushi
48.8348918,2.2894324,Béni
48.8347087,2.2893576,15ème Art
48.8450152,2.3118728,Little Mangeaver
48.8576173,2.3501476,Yumie-yumie
48.8470229,2.3409288,Senzu
48.8286344,2.3278735,Aux Délices d'Alésia
48.8368647,2.3491749,Noodle Panda
48.8338339,2.3547644,Grilled Cheese Factory
48.8361174,2.3584174,Solla
48.870357,2.3103738,Subway
48.8702697,2.3106211,Chez Tong
48.8471832,2.3430788,Poké Fresh
48.8646387,2.3728373,Planet Africa
48.8563308,2.3734437,Au Péché Mignon
48.8565208,2.3732993,Fresh Bagel & Juice
48.8617142,2.3232426,Mozza And Co
48.8453038,2.2990569,Deliziosa Pizza
48.8424427,2.3297869,L'Ambassade Bretonne
48.8447061,2.3322538,Meshuga
48.843688,2.3305085,Le Miam
48.8425387,2.3298478,Aristotte
48.8437504,2.3307617,Ramona
48.8415206,2.3273825,Delitaly
48.8472874,2.3477657,Duci
48.8469214,2.3480794,Egglicious
48.8767008,2.2942434,Noodle Panda
48.8768759,2.2918065,Poke Koa
48.8765767,2.290709,New Sakura
48.8772884,2.2924428,Tess
48.8763632,2.2901527,Délices Des Acacias
48.8772752,2.2926845,Siam Square
48.8768992,2.2918719,I <3 Burger
48.8779994,2.2934472,Subway
48.8923034,2.3635165,O' Délices
48.8804341,2.3255318,Original Thai Food
48.8798374,2.3267074,Kawasaki
48.8275848,2.3150293,Pacha Grill
48.8871235,2.3926454,Aux Saveurs du Liban
48.887653,2.3921569,Afrik Asian's Soul
48.8873591,2.3922939,Light Sushi
48.8878729,2.3923274,Zhen Bao Fang
48.8878178,2.3923458,PokeGo
48.8690988,2.3910244,Lanta Wok
48.8691544,2.3912624,Woodiz
48.8428682,2.3484939,Chô Chaï
48.8344536,2.3673216,Thaï Ming
48.8677687,2.3472385,Poke House
48.8677193,2.347257,Paristanbul
48.8681912,2.3474408,Focaccia Club
48.8676122,2.3437364,Mister Garden
48.8430131,2.3492134,Atelier du Liban
48.8362056,2.3005196,Rôtisserie 221
48.8820321,2.3280104,Prenzo
48.8821211,2.328193,Tamarin
48.879166,2.3293573,Lucy's
48.8770306,2.3306037,Raphaël H.
48.8772295,2.3307359,Bangkok District
48.8493949,2.3431877,Sun coffee
48.8494338,2.3432133,Chez l'Italien
48.8473453,2.348229,Kaza Maza
48.847512,2.348227,Chez Copain
48.8641652,2.3718342,Oburg'Kampf
48.8501068,2.3835573,Street Wok
48.850192,2.382561,Factory
48.8493549,2.3248743,Evi Evane
48.8660952,2.379495,Chicken In
48.8382283,2.3206272,Waffle Factory
48.8475114,2.3277543,Foodélice
48.8471576,2.327531,Sandwicherie
48.8988499,2.3690608,Sahbi
48.8715099,2.3537377,Nomás - Mexican Street Food
48.862417,2.3519581,Mon Petit Banh Mi
48.8623805,2.3519341,We Poke
48.859687,2.350554,Rookies
48.8987749,2.3652292,Chickito
48.8294279,2.317769,Le Napoli
48.8290935,2.3172794,Crep'Way
48.8291653,2.3170649,Délices Didot
48.8293566,2.3176691,Chez Lin
48.8635081,2.3342283,Le Constantinople
48.8363267,2.2947476,Le Délice de Vaugirard
48.8365025,2.2963788,The Smoked Meat
48.8363512,2.2943029,Sushi Shop
48.8454451,2.3320121,Yum Yao
48.8577605,2.3811103,Gourmet d'Asie
48.842051,2.3247325,Croissant's
48.8745778,2.291267,Bagel way
48.8725131,2.3246214,Raphaël H.
48.8612037,2.3434435,Enza & Famiglia
48.8622736,2.3492611,Gomu
48.8744444,2.3989596,Chez Bill
48.8725623,2.3435523,Dr. Auguste
48.8671051,2.3612874,Doma
48.8668625,2.3521686,Restaurant au Palestro
48.8540187,2.3267061,Roccolino
48.8425283,2.3317274,Toutia
48.8421828,2.3306532,Pizzeria del Sesto
48.8646197,2.4030336,Les saveurs de Manon
48.8568305,2.3960509,Alexi 20
48.8650822,2.3549492,Rannouch City
48.8525281,2.3719321,Sabicherie
48.86731,2.358723,Oakberry
48.8468382,2.2939718,La Ruche
48.8440906,2.3310119,Fresh Cube
48.8496839,2.3295909,Lebon
48.8759752,2.3369341,Pokawa
48.847739,2.3274035,Mac Doner
48.8566195,2.3780923,Seize mètres carrés
48.8657146,2.3780671,Ana's
48.8759649,2.3368629,B.B.T
48.8475054,2.2997024,so good
48.8272491,2.3145344,Yummy Home
48.8662128,2.3976474,Traiteur chinois
48.8667328,2.3821937,Master Poulet
48.8720711,2.340575,KFC Montmartre
48.8772206,2.3510193,Penny&Ka
48.8745493,2.3541482,Chez Ann
48.8791304,2.3540531,Red Fata
48.8621874,2.3445407,KFC
48.8941068,2.3596919,Chicken Street Paris 18
48.8634527,2.3788257,Chez BAMI
48.8392802,2.3896035,Traiteur sino-japonais
48.8703277,2.3337987,Mister Garden
48.8622815,2.3435354,Berliner
48.8622709,2.3436131,Nachos
48.8760344,2.3359885,Mister Garden
48.8714754,2.3349138,Wild & the moon
48.8532508,2.3789478,Ben Burger
48.8532677,2.3790692,StreetLab
48.829101,2.3697676,L'atelier
48.872474,2.3355297,Kouki
48.8730151,2.3352468,Soup & Juice
48.8896272,2.3261103,Soprano
48.8895257,2.3260688,Pari'Gourmand
48.8575517,2.4072664,O’BEST
48.858192,2.4070686,Green House
48.8597905,2.4048485,Papayote
48.8688089,2.3517137,Vegan Burger Bar
48.8687985,2.3516913,Vegan Sandwich Club
48.8687875,2.3517455,My Vegan Hot Dog
48.8687909,2.351777,My Vegan Poke
48.8632575,2.3859872,La pause gourmande
48.8690056,2.3523264,Bonchon
48.8252025,2.3622311,Bánh Mì 88
48.8339976,2.3644185,Mayam
48.8841981,2.3610589,La Fontaine
48.8565103,2.3812979,Chez les Innocents
48.8371826,2.3600953,Süper Döner
48.8543458,2.3753392,My Nature Juice
48.8739724,2.3457791,Bagel Max
48.8492914,2.3994408,Le bon chinois
48.8622735,2.3447313,Pomme de pain
48.8621809,2.345159,Chaak
48.8567411,2.3720813,Bao Express
48.8572236,2.3851456,Royal Food
48.8572986,2.3847941,Crispy Soul
48.8372368,2.3601541,Tasty
48.8478508,2.2608234,Le buffet d'Auteuil
48.8588465,2.3447778,Babel Dwichs
48.873424,2.3528132,Dumbo
48.8767095,2.3376636,Il Gallo Rosso
48.8353178,2.3850665,Falafel
48.8754573,2.3311839,Green Notes
48.8748704,2.3311309,Wilton
48.8755041,2.3311679,Mian Fan
48.8745007,2.3314446,Mian Fan - Les petites cocottes
48.8748571,2.3310909,Wok Addict
48.8746918,2.3310964,Berliner
48.8745945,2.3304465,Tian Fu
48.8762481,2.3457616,SAMAM
48.8624142,2.3436946,Lobsta
48.8623956,2.3437848,Franks
48.862432,2.343816,Poké House
48.8487154,2.3251329,Mamma Roma
48.8483948,2.299319,Les Saveurs
48.8746064,2.3409217,Street Banh-Mi
48.8469446,2.2963748,Subway
48.8476491,2.3007462,Tavola Calda
48.880685,2.335017,Jimmy's Street Food
48.8403731,2.4001891,Mangez et cassez-vous
48.8652981,2.3854749,Parker pizza
48.8870854,2.3859598,Méditerranée
48.8864119,2.3833844,Chicken's king
48.8859245,2.3815388,Franco et Giacomo
48.8859595,2.381744,Le gourmand
48.8855705,2.3802177,Chamas tacos
48.8861279,2.3822826,Dunya
48.8875257,2.3889619,Taksim
48.8855565,2.3801551,Chick'n Choc
48.8882551,2.3917496,Music lunch
48.8901588,2.3212123,O'Poulet Grillé
48.8765904,2.404998,Antep
48.8722926,2.3275063,Novettino
48.845771,2.3438966,Take a Break
48.8242654,2.324029,Latino Kendall Market
48.8755057,2.358866,Bianca Bottega
48.8735162,2.3650538,Omega Pizza
48.8541876,2.3240411,Pastavino
48.8458022,2.4057842,Cuisi'Nad
48.8449228,2.4054782,Tamarin
48.8756831,2.2866678,Olive Et Balsamic
48.8757223,2.2867083,Fresh Kitchen
48.8754098,2.2867127,L'épicerie fine
48.8326217,2.3368647,Primeur Saint-Jacques
48.8799823,2.3649802,Chez Malou
48.8789188,2.3637592,Tacos Royal
48.8791644,2.3632699,Chicken Speed
48.8754196,2.3228174,happy bò-bún
48.8756353,2.3228208,Pause
48.8756046,2.3230601,Allegria
48.8492365,2.3784419,Liberty's Burger
48.8272522,2.3707248,House of Food
48.8526199,2.4004455,Marche ou
48.8752923,2.3257238,KFC
48.8485709,2.3288965,Mange 2bout
48.8488742,2.328976,Poke Line
48.8532492,2.3307359,Nina's
48.8575886,2.3277496,Cojean
48.8475056,2.3430353,Elim
48.8846483,2.3290951,Chamas Tacos
48.8232094,2.3578751,Food Express
48.8796776,2.3491678,Dream Donuts
48.8889235,2.3887291,Les Saveurs d'Alberto
48.8888586,2.3887703,Domicile Pizza
48.8704597,2.339527,Le Traiteur de la Bourse
48.8769225,2.3385344,Maker Lorette
48.869622,2.3446582,Maker Jeûneurs
48.8580161,2.3773561,Sedaine eleven
48.8489762,2.2651104,Domino's
48.8438173,2.2928395,Pokawa
48.8462301,2.2868203,Resto L'Espoir
48.8688367,2.3368051,Mister Garden
48.8443754,2.3522145,De chez nous !
48.8651803,2.3226533,Rosa Bonheur
48.8530213,2.3877551,O’Food
48.8551505,2.3842194,Break Moment
48.8321541,2.320731,César & Paul
48.874016,2.3571435,Chicken's King
48.8577039,2.3290144,Vgt Bowl
48.8659333,2.3655752,BubbleWaffle
48.8749044,2.3956391,Restaurant Pixexpress
48.8735421,2.3563848,Chicken Stop
48.8786862,2.3551528,O'Tacos
48.872573,2.3801932,Gongfu raviolis
48.8750049,2.3130858,bab
48.8736026,2.3098615,côté ferme
48.8768218,2.3132537,naturellement vôtre
48.8538115,2.3819118,Mr. Crêpes
48.8774613,2.3447871,Salade Tomates Oignon
48.879922,2.3534123,PLAN B
48.8977481,2.3742024,La Croissanterie
48.8872235,2.3926077,Lin Fat
48.8876218,2.3924246,Traiteur Yutun
48.87044,2.348023,Momo House
48.8798626,2.3210489,Handi Street Food
48.8793266,2.3269062,Grill Agora
48.8811885,2.3269798,ByCaliceAlto
48.878876,2.3268811,Urbano Café
48.878927,2.3268856,Foccacia Club
48.8586994,2.4014505,La Sosta Pizzeria
48.8825433,2.3320711,XV Burger
48.8591274,2.3111443,Sandwicherie
48.8802221,2.3193642,Compose
48.8795947,2.3362486,Gili-Gili
48.8916431,2.3725037,Shonen Taste
48.8656642,2.3369617,biubiu Mala Tang
48.8654616,2.3363402,La fontaine d'Italie
48.8865732,2.3110694,Soleil d'Or
48.8746526,2.3720054,SM food
48.8352051,2.2920552,Chez Hélène
48.8338542,2.2906295,Popot'
48.8354588,2.292902,Bilish's
48.8351768,2.2920023,Danny's Hot Dog
48.8882157,2.3107048,Monterosso
48.887192,2.3123422,Dizengoff
48.8713013,2.3536323,Chez Rodi
48.896886,2.3843577,Oasis Géode
48.897461,2.3849979,Saray Istanbul
48.8965201,2.3726512,BioBurger
44.213884,-70.5267168,Luchador Tacos
48.8553996,2.4004611,Le régal
48.8646152,2.3538019,Orto
48.8535203,2.3400314,Label'ge Frite
48.8387181,2.2928403,Poké Shop
48.8383175,2.2937254,Gourmet Royal
48.8375885,2.3384657,Cafétéria Cochin
48.8727997,2.354145,Ngoun-Heng
48.8734256,2.352254,Flour
48.8738008,2.3449583,Fat Bao
48.8730248,2.3443767,Taster
48.8768121,2.3362381,Fra Papi
48.8513831,2.3912599,Japan Eat
48.8545378,2.385946,So 2 sï
48.8553645,2.3881512,Fresh sushi
48.8824581,2.367089,Nawab
48.8824858,2.3671198,Poké Shop
48.8830168,2.3437365,Popeyes
48.8832214,2.3956053,3 frères
48.8485077,2.3243393,La Galerie
48.8555395,2.4050754,Indiana BFC
48.8555776,2.4050636,Best chicken house
48.8945657,2.3207596,B WILD
48.8752819,2.3256234,Beykoz
48.8644067,2.3413373,Pokaina
48.844098,2.3284353,Pizzeria Scialla
48.8947418,2.3353399,L'atelier Sando
48.884066,2.3337734,Dosamaa
48.8547551,2.3378909,Taiyaki Oden
48.8761125,2.3227573,Osé
48.8746707,2.3318394,Crêpes City
48.8745598,2.3316303,Coco Lafayette
48.8745623,2.3317771,Gourmandine
48.8745579,2.331939,Snack World
48.874553,2.3322303,Yumi bao
48.87455,2.3323038,Jia Hao
48.874673,2.3317405,Galerie Kebab
48.8657367,2.3457276,CAFE SANDWICH
48.8888863,2.3534184,CODERAK BURGER
48.8856239,2.3651735,Samantha Snack's
48.876587,2.3212821,Green saladbar
48.8616842,2.3492313,Chicken factory
48.8616376,2.3489889,Los Brothers
48.864693,2.3501054,Alfi
48.8836527,2.342573,Snack Time
48.8673062,2.3452844,Color my dream
48.8587841,2.3481156,Creperie
48.8832888,2.3326891,Crêpes Tacos Panini
48.8527811,2.4070841,Five pizza
48.8910001,2.3250384,Gustino
48.893047,2.3802378,Chicken's King
48.8412495,2.4049987,Celina
48.8694283,2.3523125,Crispy soul
48.8592052,2.3494698,SeaTea
48.8810365,2.3344827,Burger and Juice
48.8826949,2.3331608,Chawarma de mamie
48.8814308,2.3341643,Lechon
48.8810796,2.3344435,Fontaine food
48.859624,2.3482709,Bubble Tea
48.8794302,2.3493261,Chouwaya
48.873089,2.3030523,Pokawa
48.8296156,2.3769418,Pokawa
48.8824546,2.333139,Disco Burgers
48.8831796,2.3354282,O'Chicken
48.8827474,2.3368679,Berliner Das Original
48.882474,2.336245,Waffles by Point G
48.8679903,2.3608639,Aloy Thaï
48.8540794,2.3823062,Kebab House
48.8834165,2.3641954,Ze Crêpe
48.8929648,2.3419255,Das Happy
48.8452796,2.2783177,Krush
48.843795,2.296074,Le mimosa
48.8503895,2.3798244,Biyo Dürüm
48.8503365,2.3803733,Les Délices de crête
48.8505449,2.381031,Mangez et cassez-vous!
48.8425501,2.2778852,Gomu
48.8896729,2.3425736,NEMESIS Artisan Kebabier
48.8675638,2.3474832,Bubble Tea
48.8437954,2.3307364,RamonaS
48.8480781,2.4059109,Le Croustil
48.8595848,2.3240307,Évangelista
48.8594546,2.3239084,Bambous à la Vapeur
48.8804531,2.3194844,Fenouil
48.8543986,2.3241575,Regaa
48.8688218,2.3667378,Cr
48.8544828,2.3453228,Stratto
48.8588059,2.3825758,C' Trop Bún
